node	coverage	length
utig4-0	548.00	7920
utig4-1	4.55	9723
utig4-2	9.50	15396
utig4-3	8.25	22427
utig4-4	2.00	10524
utig4-5	556.20	7971
utig4-6	24.44	6850430
utig4-7	5.50	6429
utig4-8	7.00	6575
utig4-9	25.21	2337008
utig4-10	47.62	48358
utig4-11	25.29	1969985
utig4-12	25.99	1892809
utig4-13	26.20	14918
utig4-14	36.80	14885
utig4-15	47.43	11832
utig4-16	32.00	4960
utig4-17	23.67	4929
utig4-18	24.75	12115
utig4-19	26.00	12121
utig4-20	61.11	13345
utig4-21	25.42	547100
utig4-22	25.47	540481
utig4-23	25.18	432566
utig4-24	27.11	399160
utig4-25	29.00	14668
utig4-26	14.00	14666
utig4-27	25.62	15560466
utig4-28	24.69	16768969
utig4-29	63.93	24192
utig4-30	26.21	29781
utig4-31	27.43	29802
utig4-32	37.00	3155
utig4-33	25.50	3128
utig4-34	38.78	13293
utig4-35	24.14	2935637
utig4-36	24.40	8304964
utig4-37	24.95	1814219
utig4-38	25.55	1743541
utig4-39	25.93	2074839
utig4-40	13.34	18602
utig4-41	13.00	17513
utig4-42	6.31	7658
utig4-43	52.67	13233
utig4-44	24.54	218016
utig4-45	26.82	224996
utig4-46	28.00	7494
utig4-47	29.50	7494
utig4-48	312.90	7705
utig4-49	5.99	8346
utig4-50	8.00	11901
utig4-51	289.69	7876
utig4-52	48.00	13124
utig4-53	20.50	3194
utig4-54	24.00	3194
utig4-55	26.94	777526
utig4-56	26.33	801192
utig4-57	51.74	30967
utig4-58	25.85	4130304
utig4-59	25.46	4827914
utig4-60	20.75	13177
utig4-61	17.25	13231
utig4-62	14.00	5727
utig4-63	4.86	6036
utig4-64	39.48	15531
utig4-65	10.67	21285
utig4-66	45.99	8300
utig4-67	21.82	13929
utig4-68	26.17	21329
utig4-69	25.96	4278814
utig4-70	10.50	7297
utig4-71	8.00	13930
utig4-72	55.00	10693
utig4-73	25.22	1892556
utig4-74	25.18	1584917
utig4-75	26.33	1747230
utig4-76	25.76	2012527
utig4-77	25.38	6827762
utig4-78	25.43	4780746
utig4-79	45.36	17374
utig4-80	28.25	8191
utig4-81	20.25	8182
utig4-82	31.00	5128
utig4-83	17.90	47227
utig4-84	45.83	19692
utig4-85	18.25	7143
utig4-86	37.00	7029
utig4-87	24.87	35678
utig4-88	19.87	35761
utig4-89	51.96	43228
utig4-90	21.78	17198
utig4-91	28.78	17219
utig4-92	25.47	644658
utig4-93	25.33	373849
utig4-94	57.05	33147
utig4-95	28.60	15919
utig4-96	26.80	15912
utig4-97	22.00	3549
utig4-98	26.00	3529
utig4-99	55.40	41538
utig4-100	11.50	3232
utig4-101	58.00	3233
utig4-102	20.00	3150
utig4-103	25.00	3285
utig4-104	50.11	139909
utig4-105	5.00	8413
utig4-106	13.50	9186
utig4-107	8.00	7953
utig4-108	14.88	9132
utig4-109	3.75	8327
utig4-110	3.20	9673
utig4-111	28.00	17379
utig4-112	11.50	12132
utig4-113	1422.32	47749
utig4-114	2.15	14572
utig4-115	1375.87	8358
utig4-116	5.34	14576
utig4-117	1241.32	24994
utig4-118	28.03	553113
utig4-119	54.94	26334
utig4-120	34.50	8211
utig4-121	29.75	8270
utig4-122	24.00	6808
utig4-123	25.25	6852
utig4-124	51.68	61358
utig4-125	27.67	3722
utig4-126	26.00	3724
utig4-127	31.50	3335
utig4-128	33.50	3321
utig4-129	45.32	61715
utig4-130	16.50	3320
utig4-131	11.50	3304
utig4-132	25.00	3375
utig4-133	26.50	3374
utig4-134	24.48	8648836
utig4-135	44.25	12850
utig4-136	25.27	3024485
utig4-137	19.50	24543
utig4-138	2145.61	7606
utig4-139	40.00	15362
utig4-140	1880.92	15870
utig4-141	10.00	15552
utig4-142	1610.85	8186
utig4-143	50.62	12650
utig4-144	16.90	16704
utig4-145	18.10	16733
utig4-146	26.97	166082
utig4-147	26.36	145410
utig4-148	13.67	23885
utig4-149	7.46	7372
utig4-150	5.50	13149
utig4-151	11.00	12308
utig4-152	4.67	12308
utig4-153	2.62	8580
utig4-154	7.50	15548
utig4-155	1724.39	16149
utig4-156	48.69	57885
utig4-157	32.50	2996
utig4-158	26.50	2996
utig4-159	25.50	10832
utig4-160	8.50	7167
utig4-161	4.67	8392
utig4-162	9.00	13436
utig4-163	46.38	11837
utig4-164	25.16	7008588
utig4-165	24.96	6964786
utig4-166	30.50	3364
utig4-167	23.50	3316
utig4-168	1930.04	16234
utig4-169	3.92	18732
utig4-170	1929.43	16145
utig4-171	11.50	16053
utig4-172	1657.00	8334
utig4-173	6.50	15451
utig4-174	42.50	15450
utig4-175	47.00	15450
utig4-176	21.50	16053
utig4-177	1576.49	8567
utig4-178	6.50	15160
utig4-179	4.50	15160
utig4-180	1819.00	8168
utig4-181	50.00	13511
utig4-182	25.00	9979
utig4-183	10.71	10194
utig4-184	25.17	526653
utig4-185	12.50	10512
utig4-186	23.48	1609515
utig4-187	3.50	10206
utig4-188	30.50	15771
utig4-189	46.71	10936
utig4-190	27.69	111509
utig4-191	29.05	104910
utig4-192	25.97	1930281
utig4-193	26.07	1869620
utig4-194	13.00	15058
utig4-195	10.00	15042
utig4-196	56.50	21796
utig4-197	30.00	3272
utig4-198	27.50	3272
utig4-199	34.80	12895
utig4-200	28.33	12895
utig4-201	2095.83	7770
utig4-202	7.50	16007
utig4-203	1892.66	23997
utig4-204	13.00	16006
utig4-205	1635.29	8385
utig4-206	49.50	12632
utig4-207	30.33	8855
utig4-208	18.75	12597
utig4-209	25.39	876113
utig4-210	26.72	891425
utig4-211	7.00	6169
utig4-212	8.12	8196
utig4-213	5.76	24653
utig4-214	4163.00	7155
utig4-215	7.00	14549
utig4-216	10.50	14364
utig4-217	8.92	21266
utig4-218	3910.00	7319
utig4-219	1.00	7838
utig4-220	2.00	7386
utig4-221	57.55	45825
utig4-222	36.00	3010
utig4-223	28.50	3011
utig4-224	45.50	3222
utig4-225	6.00	3234
utig4-226	7.50	14365
utig4-227	7.00	14365
utig4-228	5.00	7310
utig4-229	3890.00	7333
utig4-230	56.00	12023
utig4-231	4.25	10924
utig4-232	51.78	14369
utig4-233	20.00	3264
utig4-234	23.50	3237
utig4-235	27.00	3470
utig4-236	30.00	3424
utig4-237	50.03	45719
utig4-238	46.50	3449
utig4-239	5.50	3454
utig4-240	26.51	1106098
utig4-241	25.46	1074554
utig4-242	52.77	20172
utig4-243	27.50	3220
utig4-244	31.00	3296
utig4-245	28.00	3564
utig4-246	34.00	3600
utig4-247	61.50	15067
utig4-248	42.33	5276
utig4-249	24.00	5179
utig4-250	28.32	115104
utig4-251	27.20	111926
utig4-252	57.57	11280
utig4-253	25.14	686556
utig4-254	26.65	658408
utig4-255	24.56	117603
utig4-256	24.79	120244
utig4-257	51.60	15023
utig4-258	25.80	11009607
utig4-259	26.05	2053602
utig4-260	28.03	280619
utig4-261	28.22	272083
utig4-262	14.50	3890
utig4-263	26.00	3813
utig4-264	6.00	3282
utig4-265	21.50	3231
utig4-266	1910.01	47879
utig4-267	2050.93	16070
utig4-268	11.00	14916
utig4-269	6.50	14916
utig4-270	1717.70	8179
utig4-271	4.33	16461
utig4-272	41.14	10481
utig4-273	25.11	1241051
utig4-274	27.25	1324540
utig4-275	24.00	3807
utig4-276	29.00	3753
utig4-277	3902.00	7339
utig4-278	9.00	14364
utig4-279	5.00	14364
utig4-280	44.21	22933
utig4-281	28.38	29343
utig4-282	22.25	29355
utig4-283	30.50	3777
utig4-284	24.50	3691
utig4-285	52.12	12448
utig4-286	26.04	507829
utig4-287	26.39	449059
utig4-288	28.00	64440
utig4-289	24.98	4878922
utig4-290	4238.35	14247
utig4-291	1.00	7310
utig4-292	3970.71	7307
utig4-293	3816.00	7340
utig4-294	6.50	15388
utig4-295	16.00	11354
utig4-296	52.00	11512
utig4-297	27.50	3302
utig4-298	15.00	3349
utig4-299	34.00	8994
utig4-300	23.25	8771
utig4-301	48.36	22851
utig4-302	26.50	3206
utig4-303	4.00	3063
utig4-304	4.50	8193
utig4-305	21.86	7817
utig4-306	17.50	7771
utig4-307	11.50	9401
utig4-308	4.80	17329
utig4-309	1862.00	8096
utig4-310	1.88	7809
utig4-311	12.00	14449
utig4-312	29.00	14448
utig4-313	8.04	8254
utig4-314	3.86	8151
utig4-315	35.62	19959
utig4-316	6.00	3435
utig4-317	40.75	3434
utig4-318	5.00	12362
utig4-319	49.00	8829
utig4-320	7.83	10810
utig4-321	8.50	9528
utig4-322	52.41	55773
utig4-323	30.50	3453
utig4-324	23.00	3476
utig4-325	27.35	1230958
utig4-326	26.83	1214532
utig4-327	57.64	17419
utig4-328	25.50	3217
utig4-329	32.00	3217
utig4-330	23.00	3233
utig4-331	17.00	3283
utig4-332	22.00	9090
utig4-333	25.27	4644398
utig4-334	25.26	7511753
utig4-335	9.25	9595
utig4-336	38.25	9579
utig4-337	61.60	14951
utig4-338	23.52	44339
utig4-339	28.27	44432
utig4-340	24.70	34795
utig4-341	25.05	34718
utig4-342	48.67	13744
utig4-343	20.50	3323
utig4-344	30.50	3324
utig4-345	89.00	7662
utig4-346	13.00	15681
utig4-347	84.64	8179
utig4-348	6.50	14257
utig4-349	8.00	8910
utig4-350	163.77	6984
utig4-351	2445.62	15102
utig4-352	11.50	14799
utig4-353	2186.84	15567
utig4-354	6.00	15441
utig4-355	2040.00	7958
utig4-356	18.00	62792
utig4-357	51.00	19091
utig4-358	31.33	3520
utig4-359	21.00	3516
utig4-360	48.00	16815
utig4-361	28.50	3472
utig4-362	27.00	3484
utig4-363	153.72	7734
utig4-364	2103.27	23605
utig4-365	13.00	15615
utig4-366	2042.74	39748
utig4-367	35.00	14175
utig4-368	2.97	7667
utig4-369	2125.83	23501
utig4-370	13.50	15390
utig4-371	1863.41	8221
utig4-372	9.50	16323
utig4-373	10.00	16323
utig4-374	1818.12	8233
utig4-375	52.84	41277
utig4-376	20.50	3378
utig4-377	23.50	3412
utig4-378	21.50	3608
utig4-379	22.00	3609
utig4-380	37.33	14434
utig4-381	130.89	8152
utig4-382	54.75	12101
utig4-383	27.80	10017
utig4-384	30.00	10013
utig4-385	26.61	76698
utig4-386	27.28	85205
utig4-387	55.01	143370
utig4-388	17.00	3234
utig4-389	20.50	3048
utig4-390	14.50	3155
utig4-391	43.00	3154
utig4-392	36.99	8199
utig4-393	26.90	8696
utig4-394	20.56	49748
utig4-395	15.31	24311
utig4-396	33.00	8402
utig4-397	12.87	24102
utig4-398	55.65	54993
utig4-399	28.50	3439
utig4-400	29.00	3440
utig4-401	28.00	3408
utig4-402	35.00	3349
utig4-403	1636.97	17081
utig4-404	9.00	16327
utig4-405	47.36	22120
utig4-406	26.00	3029
utig4-407	22.00	3028
utig4-408	19.50	3189
utig4-409	24.50	3311
utig4-410	28.49	9892
utig4-411	8.50	17498
utig4-412	2012.68	15650
utig4-413	10.50	14657
utig4-414	1881.83	31644
utig4-415	9.50	15432
utig4-416	1761.40	8089
utig4-417	49.36	21122
utig4-418	23.38	49446
utig4-419	27.31	47419
utig4-420	11.00	12041
utig4-421	5.00	4261
utig4-422	55.41	35509
utig4-423	23.00	3461
utig4-424	37.00	3466
utig4-425	24.00	3280
utig4-426	30.00	3383
utig4-427	1725.44	32688
utig4-428	9.00	15431
utig4-429	58.93	23117
utig4-430	25.50	3390
utig4-431	28.00	3391
utig4-432	4532.78	21662
utig4-433	6.25	21422
utig4-434	4239.58	22150
utig4-435	44.89	13554
utig4-436	23.50	2848
utig4-437	17.00	3078
utig4-438	17.50	2969
utig4-439	28.50	2969
utig4-440	4.48	9804
utig4-441	9.67	11447
utig4-442	25.21	4832471
utig4-443	6.31	44229
utig4-444	13.86	181155
utig4-445	203.12	8894
utig4-446	439.68	14099
utig4-447	7.50	16184
utig4-448	44.15	20260
utig4-449	23.50	3347
utig4-450	21.00	3348
utig4-451	14.62	15737
utig4-452	15.88	15706
utig4-453	51.75	12515
utig4-454	27.30	20413
utig4-455	26.75	20561
utig4-456	51.87	9455
utig4-457	16.38	23321
utig4-458	18.00	9562
utig4-459	4.52	9884
utig4-460	9.00	16357
utig4-461	36.20	9566
utig4-462	5.75	17230
utig4-463	42.77	10004
utig4-464	22.81	10251
utig4-465	7.67	9584
utig4-466	9.00	10767
utig4-467	8.00	18428
utig4-468	2133.18	15594
utig4-469	18.00	15196
utig4-470	1929.91	15531
utig4-471	2.41	7898
utig4-472	1997.87	31297
utig4-473	11.00	14604
utig4-474	10.00	14604
utig4-475	1998.83	8027
utig4-476	49.62	12029
utig4-477	6.29	24272
utig4-478	31.45	9811
utig4-479	4.91	23513
utig4-480	5.18	8709
utig4-481	50.07	22917
utig4-482	23.94	910832
utig4-483	25.73	861918
utig4-484	29.17	15265
utig4-485	27.33	15236
utig4-486	1823.00	7924
utig4-487	1583.49	32921
utig4-488	8.00	15660
utig4-489	63.89	14807
utig4-490	25.55	535515
utig4-491	24.91	596742
utig4-492	27.00	3298
utig4-493	38.00	3318
utig4-494	20.75	118928
utig4-495	15.57	6020
utig4-496	14.00	6025
utig4-497	5.27	17623
utig4-498	1521.05	25110
utig4-499	51.92	17869
utig4-500	23.26	12824984
utig4-501	25.80	8242733
utig4-502	44.93	22655
utig4-503	25.74	3811537
utig4-504	25.64	3712928
utig4-505	22.00	3351
utig4-506	24.00	3374
utig4-507	8.07	20723
utig4-508	49.20	37345
utig4-509	9.50	3468
utig4-510	46.00	3468
utig4-511	29.50	12266
utig4-512	13.00	12582
utig4-513	509.02	21413
utig4-514	8.50	10519
utig4-515	262.18	8284
utig4-516	4.50	13077
utig4-517	153.95	8530
utig4-518	58.40	15886
utig4-519	33.00	3336
utig4-520	28.50	3251
utig4-521	24.77	3744396
utig4-522	3.50	19314
utig4-523	425.19	12145
utig4-524	57.85	101155
utig4-525	25.50	3553
utig4-526	39.50	3561
utig4-527	44.90	16935
utig4-528	41.00	3357
utig4-529	3.50	3358
utig4-530	60.10	15701
utig4-531	25.87	2014872
utig4-532	26.23	465278
utig4-533	5.97	8922
utig4-534	39.50	14452
utig4-535	22.01	13157
utig4-536	11.89	7838
utig4-537	8.94	21750
utig4-538	8.91	9644
utig4-539	13.50	14155
utig4-540	9.50	17582
utig4-541	13.76	9939
utig4-542	50.66	107452
utig4-543	24.80	8602683
utig4-544	24.74	8945368
utig4-545	1868.72	39213
utig4-546	1820.00	7898
utig4-547	1722.81	16459
utig4-548	18.00	15362
utig4-549	14.98	9549
utig4-550	8.50	19703
utig4-551	21.55	9662
utig4-552	31.95	8646
utig4-553	5.50	16983
utig4-554	26.93	8936
utig4-555	24.44	9324
utig4-556	47.41	27282
utig4-557	20.50	3458
utig4-558	21.50	3470
utig4-559	33.50	13627
utig4-560	25.00	22034
utig4-561	53.31	21441
utig4-562	23.61	4507238
utig4-563	39.50	8194
utig4-564	22.50	8197
utig4-565	46.60	49080
utig4-566	27.04	101636
utig4-567	27.07	96958
utig4-568	18.50	3280
utig4-569	18.00	3260
utig4-570	56.54	20764
utig4-571	27.00	3404
utig4-572	25.50	3392
utig4-573	61.42	18881
utig4-574	25.50	1341038
utig4-575	26.63	1286417
utig4-576	23.89	198505
utig4-577	25.22	201562
utig4-578	29.15	10506
utig4-579	5.54	12642
utig4-580	51.33	13654
utig4-581	24.63	7238510
utig4-582	25.26	6716606
utig4-583	25.74	2355754
utig4-584	25.55	2621861
utig4-585	3.50	8477
utig4-586	5.11	8806
utig4-587	638.00	7714
utig4-588	10.00	15280
utig4-589	611.00	7769
utig4-590	582.00	7791
utig4-591	17.25	15281
utig4-592	3.26	8310
utig4-593	17.86	7657
utig4-594	25.20	17669
utig4-595	9.50	18736
utig4-596	19.65	9369
utig4-597	45.42	30255
utig4-598	33.50	3271
utig4-599	21.50	3313
utig4-600	6.50	3463
utig4-601	30.50	3461
utig4-602	7.75	9386
utig4-603	11.55	9386
utig4-604	13.00	15281
utig4-605	578.00	7821
utig4-606	60.27	16464
utig4-607	28.25	8758
utig4-608	31.00	8713
utig4-609	56.88	11810
utig4-610	30.67	3719
utig4-611	20.67	3718
utig4-612	338.00	7778
utig4-613	2.87	9585
utig4-614	368.00	7731
utig4-615	18.36	18542
utig4-616	10.00	15210
utig4-617	13.37	24374
utig4-618	329.89	7933
utig4-619	16.50	44776
utig4-620	4.41	10380
utig4-621	33.99	8067
utig4-622	55.16	38688
utig4-623	23.40	7392
utig4-624	32.00	7445
utig4-625	14.80	9974
utig4-626	6.68	11114
utig4-627	59.89	14246
utig4-628	23.50	3159
utig4-629	18.00	3157
utig4-630	52.50	3591
utig4-631	3.50	3626
utig4-632	58.86	22632
utig4-633	26.10	2296025
utig4-634	31.50	3075
utig4-635	29.00	3074
utig4-636	7.54	19830
utig4-637	2.00	8478
utig4-638	4.40	8468
utig4-639	283.95	8109
utig4-640	13.50	16262
utig4-641	13.43	13596
utig4-642	4.00	4505
utig4-643	24.25	8956
utig4-644	27.07	8069
utig4-645	52.25	5625
utig4-646	55.60	16255
utig4-647	58.47	23539
utig4-648	27.05	2313134
utig4-649	27.45	2389995
utig4-650	33.00	3040
utig4-651	31.00	3041
utig4-652	45.18	17674
utig4-653	24.45	63400
utig4-654	26.72	66380
utig4-655	25.79	232349
utig4-656	27.06	228379
utig4-657	29.58	28337
utig4-658	17.95	9938
utig4-659	45.38	22005
utig4-660	20.64	131148
utig4-661	22.62	102795
utig4-662	59.38	46035
utig4-663	38.50	11158
utig4-664	28.50	11216
utig4-665	31.60	9094
utig4-666	27.18	58440
utig4-667	22.43	64939
utig4-668	31.00	9524
utig4-669	18.00	3013
utig4-670	14.50	3126
utig4-671	4.50	7628
utig4-672	5.00	8120
utig4-673	13.51	8736
utig4-674	7.99	10633
utig4-675	14.50	12435
utig4-676	25.76	3005277
utig4-677	1842.97	7763
utig4-678	18.00	15625
utig4-679	1743.52	7931
utig4-680	6.04	19049
utig4-681	8.50	14536
utig4-682	2023.98	15193
utig4-683	13.00	15662
utig4-684	1496.76	24651
utig4-685	5.15	11403
utig4-686	49.59	47725
utig4-687	21.50	3338
utig4-688	25.50	3202
utig4-689	20.00	3446
utig4-690	27.50	3470
utig4-691	44.72	8551
utig4-692	8.24	29585
utig4-693	32.93	10235
utig4-694	2.47	5675
utig4-695	45.67	15473
utig4-696	25.21	926953
utig4-697	25.46	905383
utig4-698	13.14	7427
utig4-699	3.50	8693
utig4-700	4.50	7527
utig4-701	17.73	11105
utig4-702	7.95	9499
utig4-703	17.00	16996
utig4-704	7.28	9445
utig4-705	53.00	11387
utig4-706	29.00	7210
utig4-707	31.50	7210
utig4-708	39.75	11585
utig4-709	26.02	1951613
utig4-710	25.44	2170321
utig4-711	23.62	24080
utig4-712	33.17	18814
utig4-713	7.50	12548
utig4-714	27.57	169732
utig4-715	25.87	3643636
utig4-716	25.77	2363518
utig4-717	55.00	12233
utig4-718	22.50	9696
utig4-719	24.50	9702
utig4-720	36.00	3364
utig4-721	23.00	3346
utig4-722	9.97	8560
utig4-723	15.75	21922
utig4-724	12.50	15696
utig4-725	14.50	15666
utig4-726	90.94	7437
utig4-727	26.00	11266
utig4-728	78.00	7551
utig4-729	8.55	9864
utig4-730	51.00	43346
utig4-731	23.00	3264
utig4-732	33.50	3208
utig4-733	61.25	11890
utig4-734	25.55	1048711
utig4-735	27.37	464216
utig4-736	43.50	3635
utig4-737	21.00	3635
utig4-738	6.43	13869
utig4-739	5.63	6991
utig4-740	4.43	7085
utig4-741	48.27	37455
utig4-742	17.00	3129
utig4-743	24.00	3129
utig4-744	12.00	3006
utig4-745	15.50	2999
utig4-746	46.71	22035
utig4-747	28.55	61129
utig4-748	26.54	63925
utig4-749	12.33	16185
utig4-750	16.00	16186
utig4-751	69.00	7690
utig4-752	5.00	7967
utig4-753	24.00	10678
utig4-754	11.71	11245
utig4-755	25.88	3524152
utig4-756	26.12	3288506
utig4-757	14.00	16606
utig4-758	7.75	10033
utig4-759	37.67	8645
utig4-760	12.00	3362
utig4-761	41.67	14206
utig4-762	25.96	2034365
utig4-763	25.63	2011283
utig4-764	50.98	7721
utig4-765	12.00	15272
utig4-766	38.44	16023
utig4-767	12.50	17471
utig4-768	31.30	9042
utig4-769	55.33	14512
utig4-770	16.87	48298
utig4-771	31.88	25473
utig4-772	39.86	9021
utig4-773	11.50	23542
utig4-774	11.72	14889
utig4-775	28.50	17061
utig4-776	12.00	13204
utig4-777	19.20	20026
utig4-778	51.75	8792
utig4-779	1509.00	8352
utig4-780	10.49	21969
utig4-781	1860.85	72111
utig4-782	12.50	14853
utig4-783	7.00	8061
utig4-784	6.00	16661
utig4-785	10.68	24973
utig4-786	6.01	10313
utig4-787	31.30	11933
utig4-788	31.30	1548
utig4-789	2.50	2977
utig4-790	30.50	3178
utig4-791	11.50	3179
utig4-792	40.61	77547
utig4-793	138.14	8391
utig4-794	89.85	8356
utig4-795	19.73	27328
utig4-796	829.17	9599
utig4-797	6.00	12134
utig4-798	232.43	10651
utig4-799	782.43	3151
utig4-800	4.50	3324
utig4-801	6.00	15402
utig4-802	26.97	13115
utig4-803	53.10	12264
utig4-804	34.50	3269
utig4-805	26.50	3270
utig4-806	22.00	3382
utig4-807	26.00	3407
utig4-808	8.00	15630
utig4-809	1696.89	8194
utig4-810	48.77	36219
utig4-811	24.02	1321829
utig4-812	9.50	3491
utig4-813	29.00	3538
utig4-814	22.00	9260
utig4-815	19.92	9738
utig4-816	7.72	20025
utig4-817	23.01	45409
utig4-818	54.39	62497
utig4-819	23.50	3600
utig4-820	19.50	3604
utig4-821	730.73	65859
utig4-822	6.50	3283
utig4-823	729.71	3334
utig4-824	5.50	4752
utig4-825	626.92	16903
utig4-826	26.16	9986
utig4-827	5.19	10826
utig4-828	5.00	9687
utig4-829	573.82	24997
utig4-830	3.50	5832
utig4-831	888.86	6015
utig4-832	4.00	14324
utig4-833	62.40	19201
utig4-834	24.01	490472
utig4-835	23.50	441981
utig4-836	597.00	7681
utig4-837	578.94	15510
utig4-838	8.00	15254
utig4-839	40.31	16677
utig4-840	47.65	8536
utig4-841	30.96	8828
utig4-842	12.64	43453
utig4-843	25.90	9156
utig4-844	5.40	18935
utig4-845	845.76	7568
utig4-846	374.46	9615
utig4-847	6.00	6660
utig4-848	868.20	3295
utig4-849	6.00	3250
utig4-850	12.50	17337
utig4-851	42.00	7433
utig4-852	287.88	9756
utig4-853	5.00	11020
utig4-854	51.57	196474
utig4-855	16.50	3245
utig4-856	19.50	3252
utig4-857	546.64	7233
utig4-858	646.09	23516
utig4-859	4.50	8427
utig4-860	812.07	7447
utig4-861	7.00	7488
utig4-862	5.50	8025
utig4-863	808.07	8023
utig4-864	1142.00	8401
utig4-865	1083.61	8921
utig4-866	10.00	15105
utig4-867	738.10	29348
utig4-868	9.00	8571
utig4-869	4.50	9407
utig4-870	403.12	8743
utig4-871	133.17	9404
utig4-872	3.50	10954
utig4-873	6.00	8882
utig4-874	9.00	20288
utig4-875	16.50	20287
utig4-876	53.97	190344
utig4-877	30.00	3669
utig4-878	30.50	3516
utig4-879	54.44	12720
utig4-880	24.98	2431352
utig4-881	25.31	3254914
utig4-882	26.21	993369
utig4-883	5.00	3827
utig4-884	940.13	17887
utig4-885	12.67	15541
utig4-886	42.52	78499
utig4-887	11.71	8675
utig4-888	55.32	126956
utig4-889	24.50	4000
utig4-890	20.50	4067
utig4-891	26.00	3291
utig4-892	30.50	3161
utig4-893	28.88	9166
utig4-894	22.72	2713707
utig4-895	22.92	1805560
utig4-896	24.48	390848
utig4-897	26.95	395906
utig4-898	38.11	25932
utig4-899	28.50	3199
utig4-900	6.00	3165
utig4-901	44.50	3146
utig4-902	4.50	3129
utig4-903	56.00	43539
utig4-904	5.00	3307
utig4-905	46.00	3315
utig4-906	25.50	3706
utig4-907	22.25	3708
utig4-908	41.09	19868
utig4-909	5.00	6525
utig4-910	12.67	10074
utig4-911	20.00	3731
utig4-912	5.50	4015
utig4-913	6.50	16456
utig4-914	20.50	14651
utig4-915	25.15	3729911
utig4-916	10.67	8583
utig4-917	50.09	137041
utig4-918	26.42	1274002
utig4-919	26.35	1266509
utig4-920	26.00	3389
utig4-921	37.00	3375
utig4-922	4.50	4665
utig4-923	23.25	8084
utig4-924	1681.86	16125
utig4-925	1421.46	16798
utig4-926	1222.18	26149
utig4-927	13.50	15662
utig4-928	10.00	15666
utig4-929	49.26	183980
utig4-930	3.75	8776
utig4-931	11.50	13415
utig4-932	3.40	13411
utig4-933	1.46	7918
utig4-934	21.83	18942
utig4-935	4.50	11330
utig4-936	8.41	9270
utig4-937	27.00	14188
utig4-938	53.86	322647
utig4-939	21.50	3497
utig4-940	22.50	3496
utig4-941	4.50	3345
utig4-942	52.00	3263
utig4-943	28.00	10114
utig4-944	6.64	10277
utig4-945	50.01	330772
utig4-946	27.50	3194
utig4-947	8.00	3297
utig4-948	44.29	20034
utig4-949	25.01	6738402
utig4-950	9.23	13855
utig4-951	3.89	9029
utig4-952	10.50	14446
utig4-953	3.81	10816
utig4-954	9.00	15962
utig4-955	6.28	11476
utig4-956	5.39	13822
utig4-957	19.00	16028
utig4-958	9.09	30057
utig4-959	51.57	76298
utig4-960	4.50	3336
utig4-961	53.00	3451
utig4-962	28.00	3499
utig4-963	25.50	3500
utig4-964	60.54	17922
utig4-965	25.58	1281467
utig4-966	26.25	1247255
utig4-967	52.50	32218
utig4-968	26.87	1305339
utig4-969	26.87	1306917
utig4-970	54.75	41303
utig4-971	25.42	535732
utig4-972	24.44	548881
utig4-973	25.73	3669589
utig4-974	45.67	4898
utig4-975	20.25	6668
utig4-976	770.44	6563
utig4-977	3.00	4909
utig4-978	683.12	6336
utig4-979	4.00	3019
utig4-980	865.73	3133
utig4-981	4.00	9243
utig4-982	1.00	5776
utig4-983	419.45	6372
utig4-984	40.91	13451
utig4-985	52.76	62025
utig4-986	39.50	3253
utig4-987	22.50	3507
utig4-988	279.85	7764
utig4-989	16.50	15186
utig4-990	262.00	7828
utig4-991	9.75	22217
utig4-992	247.00	7951
utig4-993	46.00	17307
utig4-994	5.00	8881
utig4-995	26.02	6247061
utig4-996	26.52	6037773
utig4-997	25.05	8812515
utig4-998	6.50	16594
utig4-999	240.00	8077
utig4-1000	49.19	63616
utig4-1001	19.00	3398
utig4-1002	21.00	3402
utig4-1003	56.02	260121
utig4-1004	15.88	9894
utig4-1005	6.45	9916
utig4-1006	25.50	23568
utig4-1007	22.00	12934
utig4-1008	22.70	13011
utig4-1009	51.87	92803
utig4-1010	50.76	48745
utig4-1011	22.00	3667
utig4-1012	29.67	3672
utig4-1013	19.00	12174
utig4-1014	41.57	20324
utig4-1015	26.50	3374
utig4-1016	18.50	3365
utig4-1017	46.56	46173
utig4-1018	22.00	3260
utig4-1019	25.50	3279
utig4-1020	20.67	3695
utig4-1021	23.67	3696
utig4-1022	36.95	8497
utig4-1023	26.00	8644
utig4-1024	9.50	23667
utig4-1025	32.90	8838
utig4-1026	51.00	10760
utig4-1027	25.64	12900534
utig4-1028	24.74	13297251
utig4-1029	25.18	1966223
utig4-1030	24.36	2121948
utig4-1031	1906.55	38670
utig4-1032	6.00	15088
utig4-1033	1544.00	8064
utig4-1034	1986.78	22911
utig4-1035	2.00	7266
utig4-1036	5.50	14452
utig4-1037	1791.09	15858
utig4-1038	9.00	15088
utig4-1039	1431.35	8293
utig4-1040	53.00	14554
utig4-1041	6.00	2988
utig4-1042	49.00	3048
utig4-1043	25.01	859665
utig4-1044	25.42	974187
utig4-1045	12.00	15885
utig4-1046	1327.34	67755
utig4-1047	52.82	69983
utig4-1048	20.50	3164
utig4-1049	34.50	3164
utig4-1050	28.50	3377
utig4-1051	15.50	3379
utig4-1052	59.18	13820
utig4-1053	27.20	8664
utig4-1054	22.20	8664
utig4-1055	27.85	42009
utig4-1056	24.88	42047
utig4-1057	48.67	17088
utig4-1058	54.50	3492
utig4-1059	6.00	3543
utig4-1060	35.50	3368
utig4-1061	3.50	3374
utig4-1062	50.69	121080
utig4-1063	45.42	88888
utig4-1064	18.25	12431
utig4-1065	35.75	12433
utig4-1066	17.00	6794
utig4-1067	13.39	1356016
utig4-1068	12.25	10643
utig4-1069	4.00	3574
utig4-1070	6.62	7667
utig4-1071	9.00	8971
utig4-1072	44.09	93261
utig4-1073	48.98	100570
utig4-1074	55.38	30876
utig4-1075	38.00	3414
utig4-1076	20.50	3412
utig4-1077	17.00	3183
utig4-1078	22.00	3326
utig4-1079	53.94	49727
utig4-1080	20.00	3054
utig4-1081	23.50	3055
utig4-1082	50.59	67020
utig4-1083	78.95	8443
utig4-1084	10.50	16607
utig4-1085	64.95	8672
utig4-1086	9.00	10136
utig4-1087	77.39	8750
utig4-1088	9.29	21967
utig4-1089	5.18	8537
utig4-1090	6.38	17087
utig4-1091	4.00	4141
utig4-1092	1.97	4209
utig4-1093	8.50	5344
utig4-1094	48.83	74470
utig4-1095	22.22	10666
utig4-1096	7.50	12752
utig4-1097	18.03	13853
utig4-1098	2.89	9434
utig4-1099	1.00	7662
utig4-1100	8.50	16880
utig4-1101	2.83	9383
utig4-1102	1.00	9752
utig4-1103	59.88	27614
utig4-1104	36.50	10870
utig4-1105	9.17	8679
utig4-1106	24.00	7170
utig4-1107	5.54	14245
utig4-1108	46.83	14921
utig4-1109	808.48	17323
utig4-1110	702.54	3267
utig4-1111	3.50	3314
utig4-1112	2475.50	74050
utig4-1113	5.50	15299
utig4-1114	2002.00	7823
utig4-1115	11.00	15145
utig4-1117	45.84	34380
utig4-1118	20.25	32392
utig4-1119	22.62	35387
utig4-1120	20.25	3207
utig4-1121	24.00	3215
utig4-1122	4345.17	14592
utig4-1123	6.40	20515
utig4-1124	8.00	14512
utig4-1125	2.00	7311
utig4-1126	4302.03	14723
utig4-1127	8.50	15822
utig4-1128	760.62	7920
utig4-1129	4.50	7845
utig4-1130	842.25	7783
utig4-1131	8.73	20731
utig4-1132	11.00	5564
utig4-1133	4.00	5563
utig4-1134	4091.00	7184
utig4-1135	9.00	13770
utig4-1136	2.48	11895
utig4-1137	5.51	8956
utig4-1138	5.62	24477
utig4-1139	2160.07	23125
utig4-1140	2163.77	7739
utig4-1141	1.00	7443
utig4-1142	17.50	15019
utig4-1143	1917.85	8043
utig4-1144	7.50	14936
utig4-1145	1868.61	16463
utig4-1146	5.17	17361
utig4-1147	1.00	10370
utig4-1148	2202.32	15492
utig4-1149	1.00	7881
utig4-1150	10.50	14508
utig4-1151	13.21	8930
utig4-1152	2.88	9999
utig4-1153	8.27	32104
utig4-1154	1.00	11089
utig4-1155	50.84	24935
utig4-1156	31.00	3300
utig4-1157	28.00	3298
utig4-1158	42.00	3377
utig4-1159	8.50	3513
utig4-1160	380.61	15703
utig4-1161	330.00	7906
utig4-1162	11.00	11304
utig4-1163	2.00	14948
utig4-1164	5.00	9949
utig4-1165	12.96	12821
utig4-1166	10.88	32176
utig4-1167	47.92	34683
utig4-1168	23.00	3064
utig4-1169	16.00	2992
utig4-1170	22.00	9542
utig4-1171	43.80	9533
utig4-1172	5.56	10935
utig4-1173	896.54	13248
utig4-1174	7.00	7914
utig4-1175	897.91	7933
utig4-1176	45.96	8810
utig4-1177	37.96	9182
utig4-1178	32.98	9441
utig4-1179	4.99	9330
utig4-1180	13.00	20305
utig4-1181	27.00	9608
utig4-1182	28.86	8958
utig4-1183	24.91	9272
utig4-1184	21.60	20715
utig4-1185	92.76	10522
utig4-1186	23.09	10755
utig4-1187	7.50	16520
utig4-1188	123.00	7897
utig4-1189	14.50	15422
utig4-1190	103.78	8123
utig4-1191	10.00	15730
utig4-1192	86.00	8025
utig4-1193	48.44	73891
utig4-1194	25.32	1195702
utig4-1195	26.11	1235143
utig4-1196	27.25	12159
utig4-1197	20.27	5137583
utig4-1198	25.51	498847
utig4-1199	1524.00	7571
utig4-1200	1377.00	16312
utig4-1201	3.00	7611
utig4-1202	18.50	14465
utig4-1203	26.21	5716727
utig4-1204	22.00	3002
utig4-1205	14.00	3001
utig4-1206	1943.38	16037
utig4-1207	4.00	15577
utig4-1208	1888.73	40051
utig4-1209	17.00	15165
utig4-1210	11.62	48829
utig4-1211	4.83	14074
utig4-1212	11.25	21565
utig4-1213	50.90	32532
utig4-1214	27.33	33768
utig4-1215	25.74	33779
utig4-1216	26.05	2482033
utig4-1217	27.46	2427497
utig4-1218	830.35	11078
utig4-1219	3.50	5444
utig4-1220	750.46	7814
utig4-1221	820.75	9352
utig4-1222	63.50	12557
utig4-1223	3.05	24164
utig4-1224	4.00	10041
utig4-1225	1.00	7349
utig4-1226	9.00	14305
utig4-1227	24.72	4563890
utig4-1228	23.42	5770053
utig4-1229	12.07	8127
utig4-1230	3.59	9352
utig4-1231	14.00	10159
utig4-1232	10.00	22940
utig4-1233	3.00	6917
utig4-1234	4.30	6935
utig4-1235	8.00	10544
utig4-1236	7.50	10790
utig4-1237	2246.50	23651
utig4-1238	2369.34	15319
utig4-1239	6.50	14356
utig4-1240	10.50	15486
utig4-1241	6.00	15222
utig4-1242	1767.00	8242
utig4-1243	1721.21	16955
utig4-1244	4.67	22760
utig4-1245	49.90	43793
utig4-1246	16.50	2826
utig4-1247	27.50	2817
utig4-1248	21.94	8711
utig4-1249	72.30	8459
utig4-1250	52.95	8598
utig4-1251	5.85	8809
utig4-1252	54.99	8660
utig4-1253	54.49	8636
utig4-1254	25.75	2444150
utig4-1255	545.00	7886
utig4-1256	15.00	18381
utig4-1257	8.00	20493
utig4-1258	13.00	15603
utig4-1259	9.00	15603
utig4-1260	516.86	8033
utig4-1261	16.58	10781
utig4-1262	5.00	8532
utig4-1263	9.93	8755
utig4-1264	463.00	8160
utig4-1265	33.50	15222
utig4-1266	14.90	13780
utig4-1267	10.26	8998
utig4-1268	41.18	17897
utig4-1269	29.00	12635
utig4-1270	30.25	12634
utig4-1271	25.50	3250
utig4-1272	16.50	3330
utig4-1273	82.00	9867
utig4-1274	24.00	12542
utig4-1275	57.00	12444
utig4-1276	5.50	12085
utig4-1277	25.04	151424
utig4-1278	2207.10	8061
utig4-1279	21.50	15603
utig4-1280	53.97	42053
utig4-1281	2049.03	15554
utig4-1282	1939.36	15755
utig4-1283	7.00	15365
utig4-1284	6.00	15253
utig4-1285	1800.05	16167
utig4-1286	1669.20	17190
utig4-1287	33.00	15134
utig4-1288	9.87	23220
utig4-1289	19.50	9424
utig4-1290	5.94	7767
utig4-1291	10.00	15341
utig4-1292	54.50	273904
utig4-1293	35.50	3366
utig4-1294	4.00	3345
utig4-1295	26.39	3653943
utig4-1296	26.65	3754459
utig4-1297	2339.39	14888
utig4-1298	6.50	14484
utig4-1299	1.00	7403
utig4-1300	2140.93	15373
utig4-1301	7.00	15162
utig4-1302	2259.67	7731
utig4-1303	3.84	9693
utig4-1304	1.00	10958
utig4-1305	4428.34	15205
utig4-1306	5.50	15045
utig4-1307	4070.39	7877
utig4-1308	6.14	24074
utig4-1309	3648.06	24196
utig4-1310	50.97	118683
utig4-1311	25.00	3265
utig4-1312	27.00	3352
utig4-1313	16.50	3468
utig4-1314	21.00	3441
utig4-1315	41.44	44166
utig4-1316	13.50	10951
utig4-1317	48.82	14648
utig4-1318	22.25	9360
utig4-1319	26.00	9361
utig4-1320	46.52	64491
utig4-1321	207.06	9187
utig4-1322	11.00	10852
utig4-1323	958.07	13333
utig4-1324	5.00	15166
utig4-1325	2041.00	7780
utig4-1326	16.35	9517
utig4-1327	5.95	8549
utig4-1328	13.93	16862
utig4-1329	2.00	8977
utig4-1330	2.90	8464
utig4-1331	57.75	37164
utig4-1332	27.50	10831
utig4-1333	30.75	10831
utig4-1334	246.00	7835
utig4-1335	25.21	10214103
utig4-1336	9.33	16165
utig4-1337	214.84	8308
utig4-1338	13.00	27515
utig4-1339	5.98	7948
utig4-1340	225.33	8245
utig4-1341	184.00	8295
utig4-1342	13.00	12363
utig4-1343	20.45	54271
utig4-1344	10.50	3678
utig4-1345	8.00	3797
utig4-1346	25.80	1085174
utig4-1347	8.00	3697
utig4-1348	4.82	64540
utig4-1349	17.25	16206
utig4-1350	13.69	26012
utig4-1351	10.29	20948
utig4-1352	2054.93	15611
utig4-1353	7.00	14672
utig4-1354	29.99	8529
utig4-1355	22.39	18299
utig4-1356	15.00	18220
utig4-1357	15.00	16079
utig4-1358	21.00	8700
utig4-1359	12.88	9589
utig4-1360	8.00	9184
utig4-1361	27.42	41042
utig4-1362	4.00	7457
utig4-1363	9.00	10375
utig4-1364	2061.86	15605
utig4-1365	10.45	19063
utig4-1366	1924.99	7950
utig4-1367	1897.00	7966
utig4-1368	6.40	20992
utig4-1369	12.00	13346
utig4-1370	3.50	2759
utig4-1371	4235.00	7612
utig4-1372	6.00	15271
utig4-1373	7.50	15270
utig4-1374	4392.00	7528
utig4-1375	3.77	9771
utig4-1376	6.11	21098
utig4-1377	14.51	16447
utig4-1378	2.64	14230
utig4-1379	2.78	14324
utig4-1380	1458.75	57764
utig4-1381	1086.78	17713
utig4-1382	9.00	23494
utig4-1383	2237.38	60936
utig4-1384	6.00	15209
utig4-1385	1614.98	49849
utig4-1386	25.93	2242943
utig4-1387	285.00	7852
utig4-1388	4.15	20990
utig4-1389	16.50	8321
utig4-1390	5.50	5946
utig4-1391	9.75	6003
utig4-1392	14.46	19363
utig4-1393	4.00	11573
utig4-1394	54.00	10158
utig4-1395	26.24	1779205
utig4-1396	26.32	1609335
utig4-1397	18.00	9099
utig4-1398	9.36	12030
utig4-1399	5.89	14129
utig4-1400	10.60	17693
utig4-1401	8.00	3910
utig4-1402	11.00	14452
utig4-1403	2.00	7591
utig4-1404	2.00	7509
utig4-1405	1399.00	7984
utig4-1406	1683.34	7906
utig4-1407	4.50	15975
utig4-1408	67.60	8429
utig4-1409	6.55	33617
utig4-1410	49.82	8935
utig4-1411	26.61	20538
utig4-1412	26.00	16257
utig4-1413	46.75	13126
utig4-1414	28.50	3336
utig4-1415	24.50	3386
utig4-1416	4111.00	7142
utig4-1417	3883.00	7294
utig4-1418	10.00	14449
utig4-1419	425.81	8376
utig4-1420	2.00	7584
utig4-1421	2.00	7502
utig4-1422	1.00	7589
utig4-1423	3.00	7507
utig4-1424	4.99	7597
utig4-1425	4.00	7515
utig4-1426	659.74	7756
utig4-1427	549.91	7915
utig4-1428	15.09	22164
utig4-1429	16.00	15473
utig4-1430	55.00	12599
utig4-1431	3.72	9076
utig4-1432	1.00	9357
utig4-1433	11.50	18055
utig4-1434	623.00	7641
utig4-1435	562.49	7898
utig4-1436	19.02	19092
utig4-1437	10.00	15927
utig4-1438	514.96	7988
utig4-1439	5.81	8258
utig4-1440	31.00	13078
utig4-1441	41.04	39668
utig4-1442	12.17	9921
utig4-1443	11.00	15786
utig4-1444	475.00	8140
utig4-1445	947.84	13884
utig4-1446	3.81	8212
utig4-1447	68.15	9282
utig4-1448	18.75	9745
utig4-1449	30.00	11762
utig4-1450	4.75	23790
utig4-1451	55.23	8658
utig4-1452	9.99	22997
utig4-1453	33.94	9462
utig4-1454	4.47	7293
utig4-1455	4351.09	15235
utig4-1456	21.00	9707
utig4-1457	12.00	15199
utig4-1458	7.50	15199
utig4-1459	3655.58	23893
utig4-1460	6.81	8450
utig4-1461	5.77	8544
utig4-1462	14.56	22619
utig4-1463	26.15	967579
utig4-1464	14.80	23362
utig4-1465	19.67	10366
utig4-1466	16.57	11072
utig4-1467	21.88	25225
utig4-1468	9.00	17125
utig4-1469	2.97	10643
utig4-1470	4331.02	7764
utig4-1471	8.00	14318
utig4-1472	4107.53	15689
utig4-1473	7.00	16063
utig4-1474	8.03	15916
utig4-1475	11.37	15653
utig4-1476	1.99	16897
utig4-1477	4310.01	23141
utig4-1478	57.25	14303
utig4-1479	3781.72	8167
utig4-1480	10.81	23125
utig4-1481	17.50	29018
utig4-1482	44.67	13679
utig4-1483	23.50	6325
utig4-1484	22.00	6313
utig4-1485	10.00	14830
utig4-1486	10.00	14830
utig4-1487	38.28	8568
utig4-1488	42.80	8669
utig4-1489	47.57	43459
utig4-1490	5.50	10282
utig4-1491	4.00	10471
utig4-1492	33.50	16941
utig4-1493	14.60	9102
utig4-1494	4.50	3883
utig4-1495	9.00	3852
utig4-1496	13.00	12262
utig4-1497	5.32	12432
utig4-1498	23.56	12477
utig4-1499	4.00	8802
utig4-1500	4.50	17858
utig4-1501	8.96	8145
utig4-1502	15.08	11837
utig4-1503	35.88	9524
utig4-1504	24.96	9078
utig4-1505	1933.50	57400
utig4-1506	2.00	7353
utig4-1507	1830.94	14879
utig4-1508	1797.36	14841
utig4-1509	7.00	14506
utig4-1510	2.99	9367
utig4-1511	12.58	128317
utig4-1512	14.08	37319
utig4-1513	12.71	153877
utig4-1514	13.28	438511
utig4-1515	9.70	9792
utig4-1516	3.50	2092
utig4-1517	3.33	3759
utig4-1518	10.00	4880
utig4-1519	5.50	4879
utig4-1520	52.00	22053
utig4-1521	43.63	61312
utig4-1522	7.14	16930
utig4-1523	5.00	8148
utig4-1524	3.00	5590
utig4-1525	2485.16	29799
utig4-1526	2288.29	7807
utig4-1527	2316.92	30373
utig4-1528	7.50	14806
utig4-1529	19.50	14806
utig4-1530	17.00	14083
utig4-1531	9.50	15056
utig4-1532	1985.35	7959
utig4-1533	2336.00	7625
utig4-1534	5.50	14987
utig4-1535	2206.90	30971
utig4-1536	27.71	8838
utig4-1537	8.50	13656
utig4-1538	2044.00	7911
utig4-1539	56.13	16851
utig4-1540	1.00	8789
utig4-1541	43.56	9220
utig4-1542	8.50	17276
utig4-1543	50.86	8480
utig4-1544	41.00	8546
utig4-1545	16.18	11942
utig4-1546	27.95	9661
utig4-1547	8.32	30324
utig4-1548	22.95	9980
utig4-1549	2273.81	15435
utig4-1550	25.00	16146
utig4-1551	1946.63	8028
utig4-1552	9.48	18668
utig4-1553	2.81	10755
utig4-1554	25.16	317773
utig4-1555	13.77	28530
utig4-1556	13.90	85972
utig4-1557	9.29	17066
utig4-1558	4.00	4529
utig4-1559	11.17	59257
utig4-1560	3.94	10071
utig4-1561	38.89	8824
utig4-1562	62.04	8972
utig4-1563	16.75	4994
utig4-1564	25.93	8611090
utig4-1565	50.44	15969
utig4-1566	29.57	6202
utig4-1567	54.82	48201
utig4-1568	3886.37	15687
utig4-1569	6.50	14878
utig4-1570	51.78	37206
utig4-1571	23.00	3445
utig4-1572	31.50	3446
utig4-1573	30.87	8655
utig4-1574	29.50	22745
utig4-1575	13.97	8921
utig4-1576	20.44	9178
utig4-1577	24.50	28768
utig4-1578	5.38	9513
utig4-1579	9.93	9524
utig4-1580	1.00	9066
utig4-1581	1.91	9091
utig4-1582	8.00	9092
utig4-1583	7.72	8227
utig4-1584	4.85	10087
utig4-1585	12.11	46143
utig4-1586	5.15	10313
utig4-1587	5.95	9707
utig4-1588	3.00	9560
utig4-1589	7.50	18101
utig4-1590	11.00	18100
utig4-1591	13.33	23399
utig4-1592	446.00	8220
utig4-1593	2270.00	7664
utig4-1594	7.50	14354
utig4-1595	1975.26	24139
utig4-1596	9.00	15125
utig4-1597	2136.00	7810
utig4-1598	14.00	15533
utig4-1599	9.50	15696
utig4-1600	8.00	15693
utig4-1601	1768.20	41338
utig4-1602	1786.23	33033
utig4-1603	5.50	14354
utig4-1604	14.38	9516
utig4-1605	12.54	419781
utig4-1606	22.78	4866739
utig4-1607	11.51	9535
utig4-1608	13.29	15417
utig4-1609	29.67	17024
utig4-1610	29.74	17993
utig4-1611	21.00	10755
utig4-1612	12.65	13005
utig4-1613	9.05	29949
utig4-1614	4.66	9374
utig4-1615	25.40	2216206
utig4-1616	25.73	3785012
utig4-1617	542.33	8110
utig4-1618	480.21	8303
utig4-1619	4.43	13286
utig4-1620	418.00	8314
utig4-1621	8.83	8318
utig4-1622	20.12	8313
utig4-1623	53.26	252167
utig4-1624	26.00	3468
utig4-1625	17.00	3487
utig4-1626	7.26	12196
utig4-1627	4.50	12246
utig4-1628	46.23	21028
utig4-1629	18.00	9629
utig4-1630	18.58	22947
utig4-1631	33.18	5799
utig4-1632	15.44	8822
utig4-1633	5.50	7304
utig4-1634	7.10	11049
utig4-1635	3.47	9222
utig4-1636	50.21	88343
utig4-1637	25.50	7689
utig4-1638	8.00	3074
utig4-1639	5.80	7331
utig4-1640	100.91	8011
utig4-1641	88.84	8260
utig4-1642	26.00	10771
utig4-1643	18.50	16455
utig4-1644	6.80	8341
utig4-1645	18.76	9205
utig4-1646	6.50	12072
utig4-1647	7.00	10170
utig4-1648	6.00	3420
utig4-1649	2.83	9228
utig4-1650	12.57	22784
utig4-1651	9.83	30036
utig4-1652	17.00	16222
utig4-1653	2.97	7591
utig4-1654	2.00	7608
utig4-1655	368.32	15636
utig4-1656	304.43	8134
utig4-1657	13.06	11852
utig4-1658	7.75	9822
utig4-1659	10.00	18490
utig4-1660	14.00	15885
utig4-1661	2.00	9784
utig4-1662	2715.52	14675
utig4-1663	21.50	15529
utig4-1664	2556.00	7495
utig4-1665	2590.53	37292
utig4-1666	16.00	15529
utig4-1667	48.81	69478
utig4-1668	24.57	6937942
utig4-1669	34.00	3140
utig4-1670	6.00	3195
utig4-1671	8.96	9063
utig4-1672	6.48	18440
utig4-1673	5.98	18696
utig4-1674	8.72	17422
utig4-1675	1.95	10505
utig4-1676	2.74	9944
utig4-1677	52.42	64958
utig4-1678	27.00	4812
utig4-1679	27.00	4848
utig4-1680	13.00	2978
utig4-1681	31.00	2976
utig4-1682	50.19	43941
utig4-1683	16.25	8306
utig4-1684	24.00	3399
utig4-1685	24.50	3429
utig4-1686	44.64	44396
utig4-1687	40.42	10816
utig4-1688	30.04	8968
utig4-1689	12.68	19381
utig4-1690	3.00	8956
utig4-1691	4.91	8339
utig4-1692	5.65	12421
utig4-1693	6.84	8175
utig4-1694	1.84	10613
utig4-1695	8.50	11560
utig4-1696	6.47	12082
utig4-1697	12.00	12341
utig4-1698	1473.86	22791
utig4-1699	1329.64	15928
utig4-1700	1132.99	8241
utig4-1701	2594.42	14539
utig4-1702	15.00	15485
utig4-1703	2555.00	7247
utig4-1704	1971.92	32126
utig4-1705	51.00	15780
utig4-1706	2278.75	22679
utig4-1707	7.00	15655
utig4-1708	51.33	402021
utig4-1709	10.00	29240
utig4-1710	25.00	9036
utig4-1711	1.00	9103
utig4-1712	3.92	9160
utig4-1713	1.00	9309
utig4-1714	13.50	56605
utig4-1715	7.00	9528
utig4-1716	12.18	11488
utig4-1717	17.24	27525
utig4-1718	922.33	7884
utig4-1719	5.50	8728
utig4-1720	653.69	20973
utig4-1721	4.50	11934
utig4-1722	5.50	11935
utig4-1723	946.46	11933
utig4-1724	55.51	106630
utig4-1725	20.00	4293
utig4-1726	24.00	4293
utig4-1727	2515.12	22743
utig4-1728	9.00	14996
utig4-1729	54.26	65858
utig4-1730	27.50	9183
utig4-1731	25.50	9183
utig4-1732	11.99	10392
utig4-1733	8.29	19105
utig4-1734	17.89	63221
utig4-1735	15.98	11366
utig4-1736	5.01	14809
utig4-1737	3.50	10323
utig4-1738	6.50	15055
utig4-1739	2689.67	7416
utig4-1740	837.92	8063
utig4-1741	4.00	9238
utig4-1742	750.87	9345
utig4-1743	795.83	6458
utig4-1744	4.00	5431
utig4-1745	12.56	11163
utig4-1746	2069.47	23392
utig4-1747	11.00	16028
utig4-1748	2484.11	7259
utig4-1749	2066.23	15497
utig4-1750	39.25	37874
utig4-1751	25.88	694833
utig4-1752	26.22	680820
utig4-1753	25.88	325609
utig4-1754	25.49	268200
utig4-1755	23.60	3488377
utig4-1756	2203.98	30305
utig4-1757	5.38	13514
utig4-1758	16.77	9390
utig4-1759	21.09	12504
utig4-1760	11.50	22523
utig4-1761	13.99	8390
utig4-1762	9.25	17476
utig4-1763	9.99	8690
utig4-1764	11.50	16796
utig4-1765	10.34	12379
utig4-1766	18.06	11486
utig4-1767	12.00	13255
utig4-1768	19.00	31037
utig4-1769	4647.00	7517
utig4-1770	12.50	14546
utig4-1771	4618.00	7528
utig4-1772	11.59	18961
utig4-1773	1973.68	23643
utig4-1774	1802.66	24757
utig4-1775	7.00	15894
utig4-1776	16.75	15893
utig4-1777	1781.79	57116
utig4-1778	13.50	15690
utig4-1779	6.50	15804
utig4-1780	7.96	9660
utig4-1781	3.96	11587
utig4-1782	15.38	14642
utig4-1783	52.30	188423
utig4-1784	36.00	3237
utig4-1785	26.00	3281
utig4-1786	51.16	204333
utig4-1787	22.50	3413
utig4-1788	24.00	3413
utig4-1789	17.54	34137
utig4-1790	28.50	21878
utig4-1791	17.44	10057
utig4-1792	25.60	1222741
utig4-1793	14.56	20047
utig4-1794	12.91	33607
utig4-1795	41.46	8522
utig4-1796	6.09	9999
utig4-1797	25.47	2568508
utig4-1798	15.44	9329
utig4-1799	25.12	7988804
utig4-1800	1949.60	8031
utig4-1801	6.54	20756
utig4-1802	1726.38	16435
utig4-1803	5.99	8892
utig4-1804	8.02	8768
utig4-1805	26.49	5677537
utig4-1806	32.00	7066
utig4-1807	106.89	7993
utig4-1808	9.00	8114
utig4-1809	22.22	13302
utig4-1810	8.67	31563
utig4-1811	14.78	23861
utig4-1812	5.00	7435
utig4-1813	13.00	10586
utig4-1814	26.54	889577
utig4-1815	25.85	2898109
utig4-1816	52.06	26969
utig4-1817	1941.00	7933
utig4-1818	4.50	15116
utig4-1819	1956.69	32005
utig4-1820	21.16	36120
utig4-1821	12.86	25265
utig4-1822	7.42	35091
utig4-1823	13.00	13472
utig4-1824	11.50	10723
utig4-1825	581.50	15520
utig4-1826	561.91	7832
utig4-1827	9.59	17635
utig4-1828	8.33	11560
utig4-1829	16.12	27183
utig4-1830	12.50	15604
utig4-1831	6.00	10459
utig4-1832	11.75	16672
utig4-1833	2.96	7975
utig4-1834	497.00	8008
utig4-1835	30.58	17408
utig4-1836	19.75	18367
utig4-1837	13.00	21713
utig4-1838	5.97	9299
utig4-1839	489.00	8021
utig4-1840	17.00	11823
utig4-1841	12.72	8930
utig4-1842	4.96	8173
utig4-1843	3.61	9988
utig4-1844	18.00	16177
utig4-1845	10.50	13208
utig4-1846	44.88	53239
utig4-1847	48.78	13946
utig4-1848	25.61	35275
utig4-1849	20.07	51938
utig4-1850	1700.97	24222
utig4-1851	1291.50	34026
utig4-1852	688.99	7593
utig4-1853	5.51	19338
utig4-1854	632.00	7733
utig4-1855	10.93	23348
utig4-1856	50.43	56425
utig4-1857	18.00	11450
utig4-1858	14.13	10405
utig4-1859	1.80	11572
utig4-1860	25.98	3735267
utig4-1861	24.06	13273788
utig4-1862	10.00	14579
utig4-1863	14.50	9263
utig4-1864	13.00	15749
utig4-1865	27.50	8163
utig4-1866	6.56	7190
utig4-1867	7.81	7559
utig4-1868	9.50	21040
utig4-1869	55.30	15334
utig4-1870	25.59	5646283
utig4-1871	30.04	82502
utig4-1872	614.81	7806
utig4-1873	20.50	15418
utig4-1874	21.92	22033
utig4-1875	10.75	146468
utig4-1876	715.00	7506
utig4-1877	10.80	35246
utig4-1878	13.12	21359
utig4-1879	665.00	7611
utig4-1880	26.79	16890
utig4-1881	7.50	14263
utig4-1882	6.92	28391
utig4-1883	30.50	11969
utig4-1884	20.29	19528
utig4-1885	2.81	10446
utig4-1886	10.03	7623
utig4-1887	26.20	5742751
utig4-1888	45.00	11007
utig4-1889	80.00	9295
utig4-1890	26.38	12236
utig4-1891	4.06	11701
utig4-1892	37.05	7592
utig4-1893	5.30	18863
utig4-1894	4.96	7780
utig4-1895	9.50	13964
utig4-1896	5.90	9877
utig4-1897	12.00	6720
utig4-1898	3.00	3681
utig4-1899	6.00	3935
utig4-1900	1007.10	10519
utig4-1901	3.00	3183
utig4-1902	990.83	3278
utig4-1903	21.54	10563
utig4-1904	3.79	12623
utig4-1905	3.67	7101
utig4-1906	18.00	8302
utig4-1907	17.50	8301
utig4-1908	12.00	15162
utig4-1909	16.00	16466
utig4-1910	29.50	15530
utig4-1911	55.35	40169
utig4-1912	16.50	7803
utig4-1913	9.50	10274
utig4-1914	48.96	36027
utig4-1915	18.15	28813
utig4-1916	15.58	8412
utig4-1917	6.00	7821
utig4-1918	15.00	9593
utig4-1919	10.25	25298
utig4-1920	2315.22	22828
utig4-1921	12.00	15046
utig4-1922	1965.22	16161
utig4-1923	4.44	23830
utig4-1924	2003.26	24226
utig4-1925	1589.44	16305
utig4-1926	11.36	24244
utig4-1927	54.56	40585
utig4-1928	15.00	11494
utig4-1929	21.75	11671
utig4-1930	2.00	11562
utig4-1931	24.38	57828
utig4-1932	11.50	9068
utig4-1933	29.00	16810
utig4-1934	19.50	8265
utig4-1935	14.50	8263
utig4-1936	12.50	13555
utig4-1937	6.00	10041
utig4-1938	4.00	11198
utig4-1939	10.05	20071
utig4-1940	5.22	8002
utig4-1941	5.73	6858
utig4-1942	1.97	11766
utig4-1943	22.48	76992
utig4-1944	47.84	148702
utig4-1945	33.00	3104
utig4-1946	7.00	3104
utig4-1947	18.29	135794
utig4-1948	12.50	14465
utig4-1949	8.24	11860
utig4-1950	14.50	11277
utig4-1951	1413.08	8032
utig4-1952	7.50	15508
utig4-1953	11.17	18683
utig4-1954	1287.40	16431
utig4-1955	9.50	14970
utig4-1956	60.00	11397
utig4-1957	20.30	43919
utig4-1958	22.27	40936
utig4-1959	24.50	9552
utig4-1960	19.45	9905
utig4-1961	64.83	13363
utig4-1962	31.00	4593
utig4-1963	23.67	4594
utig4-1964	89.00	8107
utig4-1965	12.84	25369
utig4-1966	83.00	8218
utig4-1967	16.00	16369
utig4-1968	80.88	8382
utig4-1969	63.75	11133
utig4-1970	6.25	10988
utig4-1971	80.79	16946
utig4-1972	3.06	7656
utig4-1973	6.00	9744
utig4-1974	10.97	8865
utig4-1975	5.00	9452
utig4-1976	14.00	16232
utig4-1977	9.55	14883
utig4-1978	6.01	14429
utig4-1979	16.83	46448
utig4-1980	6.54	9204
utig4-1981	3.53	7072
utig4-1982	8.50	12523
utig4-1983	5.92	23248
utig4-1984	19.61	1447334
utig4-1985	53.92	19623
utig4-1986	5.95	9366
utig4-1987	7.00	17658
utig4-1988	21.00	10337
utig4-1989	6.28	8575
utig4-1990	219.96	8251
utig4-1991	2.00	8251
utig4-1992	13.00	15158
utig4-1993	7.48	17595
utig4-1994	28.87	9381
utig4-1995	2.00	10331
utig4-1996	12.66	42974
utig4-1997	8.15	13274
utig4-1998	4.67	10078
utig4-1999	13.14	8416
utig4-2000	14.75	30571
utig4-2001	12.20	25906
utig4-2002	32.00	12896
utig4-2003	18.50	14020
utig4-2004	3.62	7023
utig4-2005	54.71	15916
utig4-2006	4.50	4004
utig4-2007	4.37	12996
utig4-2008	18.50	11952
utig4-2009	19.92	165640
utig4-2010	18.50	18972
utig4-2011	10.00	14854
utig4-2012	52.62	42469
utig4-2013	24.82	4804045
utig4-2014	5.00	3093
utig4-2015	30.50	3115
utig4-2016	35.00	7998
utig4-2017	7.28	8159
utig4-2018	6.47	7449
utig4-2019	6.06	11984
utig4-2020	5.06	7437
utig4-2021	1.00	9792
utig4-2022	4.75	14938
utig4-2023	6.58	11179
utig4-2024	10.50	14391
utig4-2025	3.00	12869
utig4-2026	23.23	7997
utig4-2027	9.50	8088
utig4-2028	7.84	9016
utig4-2029	17.05	7485
utig4-2030	8.86	9538
utig4-2031	11.00	16585
utig4-2032	7.90	9421
utig4-2033	7.00	19044
utig4-2034	9.00	28043
utig4-2035	18.67	28326
utig4-2036	12.78	17182
utig4-2037	5.62	11778
utig4-2038	7.67	20857
utig4-2039	9.67	6205
utig4-2040	14.88	6899
utig4-2041	11.23	8778
utig4-2042	2.00	5238
utig4-2043	5.63	7623
utig4-2044	13.37	17982
utig4-2045	8.94	9021
utig4-2046	19.99	8572
utig4-2047	5.50	20833
utig4-2048	4.79	9578
utig4-2049	960.13	7914
utig4-2050	959.69	13782
utig4-2051	3.50	7024
utig4-2052	25.15	7132
utig4-2053	16.00	12156
utig4-2054	9.58	7329
utig4-2055	18.16	13636
utig4-2056	1.00	7349
utig4-2057	43.67	14191
utig4-2058	2.67	7538
utig4-2059	2175.02	15590
utig4-2060	1.90	7804
utig4-2061	2069.00	7837
utig4-2062	7.00	14871
utig4-2063	7.50	15087
utig4-2064	6.50	15086
utig4-2065	1907.63	8028
utig4-2066	4.49	24253
utig4-2067	16.00	13497
utig4-2068	1082.93	7030
utig4-2069	9.49	16805
utig4-2070	9.83	19475
utig4-2071	802.23	14316
utig4-2072	7.02	6916
utig4-2073	4.88	17775
utig4-2074	25.65	9807
utig4-2075	7.67	10190
utig4-2076	30.00	16930
utig4-2077	10.50	16469
utig4-2078	7.52	10025
utig4-2079	2.82	10242
utig4-2080	723.26	9721
utig4-2081	6.00	12814
utig4-2082	493.75	5603
utig4-2083	1800.94	8117
utig4-2084	9.02	22350
utig4-2085	9.00	15087
utig4-2086	11.00	15087
utig4-2087	10.79	36464
utig4-2088	10.86	12169
utig4-2089	2.87	4122
utig4-2090	5.77	8153
utig4-2091	12.23	140925
utig4-2092	2.72	6568
utig4-2093	12.61	47245
utig4-2094	10.16	25666
utig4-2095	11.63	15780
utig4-2096	531.74	7725
utig4-2097	805.12	16533
utig4-2098	20.50	10949
utig4-2099	4.00	11360
utig4-2100	922.43	15202
utig4-2101	4.00	9955
utig4-2102	6.08	10149
utig4-2103	2.00	10130
utig4-2104	9.75	22812
utig4-2105	47.01	11231
utig4-2106	32.00	12465
utig4-2107	21.57	33507
utig4-2108	24.81	3868
utig4-2109	9.00	7614
utig4-2110	4.50	8328
utig4-2111	20.80	7407
utig4-2112	16.98	7614
utig4-2113	21.01	89904
utig4-2114	9.50	14469
utig4-2115	2.86	8290
utig4-2116	21.00	6255
utig4-2117	11.00	14575
utig4-2118	5.11	9377
utig4-2119	11.00	11184
utig4-2120	11.00	19457
utig4-2121	69.62	12685
utig4-2122	13.89	5927
utig4-2123	13.00	31452
utig4-2124	3.94	5890
utig4-2125	6.51	20147
utig4-2126	10.50	22650
utig4-2127	44.40	14714
utig4-2128	17.84	23862
utig4-2129	6.96	6724
utig4-2130	7.71	11468
utig4-2131	22.67	27748
utig4-2132	14.05	6546
utig4-2133	7.45	16797
utig4-2134	16.33	11406
utig4-2135	2122.71	23774
utig4-2136	11.00	15582
utig4-2137	1981.00	8061
utig4-2138	19.50	15523
utig4-2139	1952.31	16227
utig4-2140	1865.86	16592
utig4-2141	28.00	15491
utig4-2142	28.02	9185
utig4-2143	27.50	20748
utig4-2144	25.80	23863
utig4-2145	28.00	15864
utig4-2146	15.33	14077
utig4-2147	4.96	5965
utig4-2148	19.00	11402
utig4-2149	4.50	10902
utig4-2150	9.33	6726
utig4-2151	6.06	8330
utig4-2152	24.39	11289
utig4-2153	3.00	6051
utig4-2154	19.00	12602
utig4-2155	7.17	8140
utig4-2156	6.55	11391
utig4-2157	41.46	11296
utig4-2158	9.76	10046
utig4-2159	7.67	16341
utig4-2160	18.00	7828
utig4-2161	3.00	10168
utig4-2162	17.72	19536
utig4-2163	17.69	23278
utig4-2164	17.89	8358
utig4-2165	3.60	9636
utig4-2166	13.00	15565
utig4-2167	9.35	9223
utig4-2168	4.50	9844
utig4-2169	1964.53	8004
utig4-2170	1849.77	16237
utig4-2171	34.00	15273
utig4-2172	35.00	11902
utig4-2173	14.33	9150
utig4-2174	12.85	30573
utig4-2175	37.22	7157
utig4-2176	23.77	9261
utig4-2177	13.00	17376
utig4-2178	8.79	10645
utig4-2179	1.89	9973
utig4-2180	13.25	26142
utig4-2181	53.05	219844
utig4-2182	34.50	9735
utig4-2183	3.25	10577
utig4-2184	13.00	21511
utig4-2185	17.00	14549
utig4-2186	29.48	7202
utig4-2187	10.83	15937
utig4-2188	9.58	9177
utig4-2189	13.17	9192
utig4-2190	2.93	21821
utig4-2191	4.93	13050
utig4-2192	1.00	13106
utig4-2193	5.66	9802
utig4-2194	9.16	14673
utig4-2195	4.86	15256
utig4-2196	16.60	74356
utig4-2197	10.45	73609
utig4-2198	32.57	8479
utig4-2199	10.00	13721
utig4-2200	12.62	10411
utig4-2201	7.28	10096
utig4-2202	762.00	7255
utig4-2203	20.20	18564
utig4-2204	3.00	7418
utig4-2205	5.73	14205
utig4-2206	20.00	10035
utig4-2207	1008.94	7213
utig4-2208	5.97	8249
utig4-2209	109.62	15059
utig4-2210	37.00	9336
utig4-2211	11.73	32472
utig4-2212	30.39	8969
utig4-2213	10.11	9799
utig4-2214	13.00	26566
utig4-2215	16.50	15891
utig4-2216	10.27	11784
utig4-2217	25.64	8401
utig4-2218	16.29	21712
utig4-2219	15.29	19911
utig4-2220	6.29	13255
utig4-2221	24.25	9920467
utig4-2222	1684.00	8247
utig4-2223	19.68	15635
utig4-2224	11.00	14132
utig4-2225	7.50	17084
utig4-2226	379.07	9403
utig4-2227	21.33	11224
utig4-2228	4.48	10747
utig4-2229	10.52	22479
utig4-2230	7.49	12241
utig4-2231	17.00	9945
utig4-2232	22.72	16796
utig4-2233	18.50	17904
utig4-2234	17.83	21187
utig4-2235	5.00	11921
utig4-2236	6.00	7622
utig4-2237	824.54	15816
utig4-2238	15.00	11174
utig4-2239	25.73	1575626
utig4-2240	16.00	17703
utig4-2241	3.76	26619
utig4-2242	3.52	10249
utig4-2243	16.25	17423
utig4-2244	17.12	21699
utig4-2245	584.98	6938
utig4-2246	15.00	9060
utig4-2247	8.00	16267
utig4-2248	5.87	7170
utig4-2249	6.69	7580
utig4-2250	55.63	31364
utig4-2251	51.00	7960
utig4-2252	42.86	8425
utig4-2253	30.00	8644
utig4-2254	2045.76	14165
utig4-2255	5.41	15436
utig4-2256	1804.01	29072
utig4-2257	1843.96	22141
utig4-2258	46.00	14557
utig4-2259	15.00	14557
utig4-2260	13.00	15249
utig4-2261	1622.00	7668
utig4-2262	8.08	14780
utig4-2263	1506.98	15127
utig4-2264	24.00	15513
utig4-2265	10.00	14500
utig4-2266	6.05	9062
utig4-2267	1567.70	23197
utig4-2268	15.77	14976
utig4-2269	1557.15	7950
utig4-2270	21.96	12560
utig4-2271	6.87	9166
utig4-2272	3.08	15896
utig4-2273	914.16	16649
utig4-2274	28.39	17122
utig4-2275	19.60	17219
utig4-2276	11.50	11506
utig4-2277	25.06	8931723
utig4-2278	6176.97	6254
utig4-2279	5834.45	6428
utig4-2280	9.00	12671
utig4-2281	6.00	12668
utig4-2282	7.67	14498
utig4-2283	6116.00	6295
utig4-2284	5885.00	6432
utig4-2285	11.00	11250
utig4-2286	5757.00	6446
utig4-2287	4.21	6489
utig4-2288	5509.08	6614
utig4-2289	15.50	13246
utig4-2290	5453.23	26851
utig4-2291	5.75	24449
utig4-2292	10.43	10455
utig4-2293	15.80	18271
utig4-2294	3.48	7138
utig4-2295	5197.00	6875
utig4-2296	16.50	14363
utig4-2297	1.00	8406
utig4-2298	10.00	13850
utig4-2299	5.50	13250
utig4-2300	5176.00	6812
utig4-2301	11.50	8234
utig4-2302	23.11	12443
utig4-2303	21.50	14948
utig4-2304	4.00	10663
utig4-2305	7.45	12553
utig4-2306	3.39	8530
utig4-2307	3.68	8349
utig4-2308	4.42	9124
utig4-2309	84.90	9134
utig4-2310	77.00	9194
utig4-2311	2.58	8995
utig4-2312	74.80	9405
utig4-2313	15.00	14421
utig4-2314	66.81	9604
utig4-2315	9.50	22905
utig4-2316	3604.00	6269
utig4-2317	3407.00	6423
utig4-2318	53.00	13623
utig4-2319	3266.01	26433
utig4-2320	2875.67	27871
utig4-2321	2924.07	20592
utig4-2322	6.00	13627
utig4-2323	6.50	13795
utig4-2324	8.00	15661
utig4-2325	2614.32	21456
utig4-2326	22.50	14979
utig4-2327	18.50	14979
utig4-2328	5.50	14979
utig4-2329	10.00	14979
utig4-2330	2600.88	7402
utig4-2331	24.50	15661
utig4-2332	2337.44	37282
utig4-2333	3209.55	13268
utig4-2334	16.00	14481
utig4-2335	3141.33	6908
utig4-2336	3089.34	6772
utig4-2337	2856.65	6958
utig4-2338	11.50	14368
utig4-2339	17.00	14364
utig4-2340	9.50	14365
utig4-2341	21.00	14364
utig4-2342	8.50	14364
utig4-2343	2746.85	7299
utig4-2344	11.00	15630
utig4-2345	2423.30	7492
utig4-2346	2632.08	7198
utig4-2347	2321.92	14510
utig4-2348	2422.00	7075
utig4-2349	1976.72	30544
utig4-2350	13.00	15086
utig4-2351	1594.24	7952
utig4-2352	2241.31	7826
utig4-2353	20.00	14307
utig4-2354	16.18	16797
utig4-2355	1732.34	48537
utig4-2356	6.93	9707
utig4-2357	28.80	15928
utig4-2358	17.00	11953
utig4-2359	60.34	23255
utig4-2360	23.33	56124
utig4-2361	5.94	11196
utig4-2362	8.00	12340
utig4-2363	26.50	16591
utig4-2364	20.50	20073
utig4-2365	35.71	19409
utig4-2366	11.86	7499
utig4-2367	9.00	14104
utig4-2368	13.12	8277
utig4-2369	2765.95	28348
utig4-2370	18.43	16130
utig4-2371	2768.00	7061
utig4-2372	2721.00	7123
utig4-2373	16.00	14014
utig4-2374	2546.98	14623
utig4-2375	13.50	14010
utig4-2376	5.50	14010
utig4-2377	2387.00	7461
utig4-2378	194.57	13703
utig4-2379	200.98	6716
utig4-2380	163.50	7469
utig4-2381	15.75	21371
utig4-2382	123.46	16069
utig4-2383	5.63	9170
utig4-2384	183.18	7278
utig4-2385	4.21	5908
utig4-2386	164.04	7660
utig4-2387	22.25	17047
utig4-2388	129.00	7856
utig4-2389	11.00	15691
utig4-2390	3034.83	13411
utig4-2391	2909.46	13748
utig4-2392	5.50	14010
utig4-2393	2804.10	13820
utig4-2394	5.51	18125
utig4-2395	2553.73	14353
utig4-2396	12.50	14198
utig4-2397	2683.71	14174
utig4-2398	5.00	14657
utig4-2399	2302.00	7418
utig4-2400	5046.87	13932
utig4-2401	20.67	14240
utig4-2402	15.50	14600
utig4-2403	4.46	8793
utig4-2404	11.00	13641
utig4-2405	59.44	12856
utig4-2406	27.57	244375
utig4-2407	24.87	254824
utig4-2408	1061.00	6782
utig4-2409	977.00	6933
utig4-2410	20.67	14346
utig4-2411	9.63	16995
utig4-2412	997.00	6915
utig4-2413	6.33	6890
utig4-2414	27.50	12572
utig4-2415	915.92	7046
utig4-2416	52.25	17267
utig4-2417	961.66	7003
utig4-2418	12.00	14345
utig4-2419	11.00	14347
utig4-2420	13.00	14347
utig4-2421	876.00	7157
utig4-2422	7.00	10181
utig4-2423	881.00	7109
utig4-2424	12.84	6011
utig4-2425	12.57	21359
utig4-2426	807.42	7342
utig4-2427	781.68	14672
utig4-2428	17.00	13417
utig4-2429	3.51	10484
utig4-2430	30.33	47441
utig4-2431	19.84	8897
utig4-2432	3.91	8053
utig4-2433	30.55	10512
utig4-2434	11.44	7778
utig4-2435	13.89	18085
utig4-2436	5.00	9571
utig4-2437	3076.90	6773
utig4-2438	2929.10	13890
utig4-2439	5.00	14853
utig4-2440	5.50	14853
utig4-2441	11.00	14852
utig4-2442	2733.68	28707
utig4-2443	7.50	15035
utig4-2444	2382.01	7573
utig4-2445	2732.27	7254
utig4-2446	2520.13	22338
utig4-2447	10.50	15035
utig4-2448	7.35	17643
utig4-2449	2337.29	14931
utig4-2450	7.62	9993
utig4-2451	3.00	10106
utig4-2452	20.00	15642
utig4-2453	20.84	46549
utig4-2454	4.00	10140
utig4-2455	9.43	7627
utig4-2456	2445.07	15024
utig4-2457	12.50	14895
utig4-2458	20.76	12154
utig4-2459	6.20	9184
utig4-2460	2.79	7970
utig4-2461	34.85	10166
utig4-2462	21.00	15178
utig4-2463	6.00	7280
utig4-2464	16.94	12981
utig4-2465	16.50	9996
utig4-2466	2.00	7704
utig4-2467	14.00	15180
utig4-2468	58.44	14224
utig4-2469	17.87	11262
utig4-2470	47.50	14679
utig4-2471	15.67	27919
utig4-2472	3.98	8731
utig4-2473	25.67	14017
utig4-2474	1.96	9295
utig4-2475	39.62	12730
utig4-2476	173.98	7134
utig4-2477	164.82	7342
utig4-2478	6.00	14549
utig4-2479	163.00	7261
utig4-2480	7.75	14400
utig4-2481	12.20	14399
utig4-2482	152.43	7657
utig4-2483	143.87	7558
utig4-2484	12.67	25866
utig4-2485	18.94	110428
utig4-2486	122.89	7800
utig4-2487	129.49	7936
utig4-2488	7.00	9729
utig4-2489	101.81	8175
utig4-2490	13.67	15751
utig4-2491	17.52	61843
utig4-2492	10.25	16750
utig4-2493	2259.54	15276
utig4-2494	590.82	7133
utig4-2495	541.00	7265
utig4-2496	8.00	7672
utig4-2497	13.33	20290
utig4-2498	15.12	28838
utig4-2499	40.11	17536
utig4-2500	519.00	7306
utig4-2501	14.00	27510
utig4-2502	12.00	14529
utig4-2503	11.14	17855
utig4-2504	11.82	23174
utig4-2505	2.97	8977
utig4-2506	511.00	7346
utig4-2507	29.00	7342
utig4-2508	472.00	7377
utig4-2509	8.75	20334
utig4-2510	13.30	18748
utig4-2511	12.40	37203
utig4-2512	18.05	9703
utig4-2513	17.42	7257
utig4-2514	14.80	8978
utig4-2515	8.96	18198
utig4-2516	13.37	38387
utig4-2517	438.56	7605
utig4-2518	14.50	15116
utig4-2519	5.62	25359
utig4-2520	4.00	16223
utig4-2521	10.25	17731
utig4-2522	464.60	7623
utig4-2523	14.25	22653
utig4-2524	10.00	15119
utig4-2525	434.00	7644
utig4-2526	13.46	8978
utig4-2527	22.55	9167
utig4-2528	4.02	11821
utig4-2529	4.86	9724
utig4-2530	16.00	12463
utig4-2531	52.39	100637
utig4-2532	6.50	3169
utig4-2533	19.00	3250
utig4-2534	1889.38	6948
utig4-2535	1756.00	7100
utig4-2536	9.50	13881
utig4-2537	9.65	16727
utig4-2538	3.02	23810
utig4-2539	1715.00	7156
utig4-2540	5.56	13914
utig4-2541	1634.88	7663
utig4-2542	4.26	13918
utig4-2543	1365.84	15670
utig4-2544	22.50	15744
utig4-2545	27.00	12824
utig4-2546	92.72	7746
utig4-2547	14.50	13800
utig4-2548	6.00	13488
utig4-2549	58.00	7876
utig4-2550	3.97	7956
utig4-2551	9.67	26875
utig4-2552	17.50	16574
utig4-2553	16.66	42571
utig4-2554	1902.97	46652
utig4-2555	1870.57	15580
utig4-2556	10.00	15051
utig4-2557	12.94	20872
utig4-2558	6.50	15699
utig4-2559	4526.00	7296
utig4-2560	5.50	14645
utig4-2561	4524.00	7296
utig4-2562	9.69	24000
utig4-2563	4439.00	7373
utig4-2564	4046.01	22923
utig4-2565	3.52	16930
utig4-2566	14.00	15311
utig4-2567	7.00	14646
utig4-2568	4331.73	7428
utig4-2569	2093.45	15421
utig4-2570	10.50	15426
utig4-2571	9.00	15424
utig4-2572	59.00	21491
utig4-2573	22.88	60017
utig4-2574	24.34	58307
utig4-2575	71.28	8885
utig4-2576	10.00	14525
utig4-2577	5.12	11190
utig4-2578	19.00	11159
utig4-2579	8.75	9381
utig4-2580	45.50	14221
utig4-2581	4054.86	15219
utig4-2582	12.00	14646
utig4-2583	17.67	14645
utig4-2584	9.96	9290
utig4-2585	19.46	84319
utig4-2586	3.81	13065
utig4-2587	8.00	9579
utig4-2588	18.50	8828
utig4-2589	15.50	8704
utig4-2590	4.00	8705
utig4-2591	4.92	6892
utig4-2592	49.14	15975
utig4-2593	20.49	20713
utig4-2594	12.00	15817
utig4-2595	17.00	9375
utig4-2596	5.24	6910
utig4-2597	7.75	8051
utig4-2598	2155.64	23146
utig4-2599	6.00	15523
utig4-2600	6.00	12962
utig4-2601	15.34	9618
utig4-2602	11.00	26833
utig4-2603	5.78	16067
utig4-2604	12.00	15903
utig4-2605	402.00	7773
utig4-2606	71.77	7422
utig4-2607	60.86	7757
utig4-2608	3.89	13979
utig4-2609	53.98	7675
utig4-2610	7.68	17049
utig4-2611	54.87	7995
utig4-2612	11.75	10063
utig4-2613	4.89	11128
utig4-2614	397.36	7897
utig4-2615	9.50	17619
utig4-2616	3.90	10563
utig4-2617	14.49	14058
utig4-2618	6.00	8165
utig4-2619	7.43	11234
utig4-2620	10.00	15250
utig4-2621	57.62	16834
utig4-2622	14.00	9725
utig4-2623	25.29	10845634
utig4-2624	1800.77	7019
utig4-2625	1670.37	14411
utig4-2626	16.00	13729
utig4-2627	7.00	14469
utig4-2628	12.00	9736
utig4-2629	4.00	4889
utig4-2630	7.00	3080
utig4-2631	10.50	8630
utig4-2632	6.50	7156
utig4-2633	4.00	9580
utig4-2634	16.39	12233
utig4-2635	26.31	12202
utig4-2636	13.53	7683
utig4-2637	5.97	8308
utig4-2638	4.29	23726
utig4-2639	18.00	13896
utig4-2640	7.20	8583
utig4-2641	110.73	16065
utig4-2642	106.00	8052
utig4-2643	98.00	8168
utig4-2644	3.97	9174
utig4-2645	2.74	9301
utig4-2646	6.50	12093
utig4-2647	14.86	8787
utig4-2648	26.68	8917
utig4-2649	9.40	20044
utig4-2650	12.31	28439
utig4-2651	54.12	12588
utig4-2652	25.55	645375
utig4-2653	25.27	671332
utig4-2654	56.96	45643
utig4-2655	26.93	13774
utig4-2656	11.01	15984
utig4-2657	4.00	8369
utig4-2658	2.00	11677
utig4-2659	48.05	8591
utig4-2660	35.86	8967
utig4-2661	35.79	9053
utig4-2662	15.67	16882
utig4-2663	25.00	9195
utig4-2664	1.00	9691
utig4-2665	28.00	9042
utig4-2666	25.93	9495
utig4-2667	60.11	21577
utig4-2668	18.08	11410
utig4-2669	78.67	18583
utig4-2670	4.00	10557
utig4-2671	90.00	8440
utig4-2672	47.99	8378
utig4-2673	35.89	8627
utig4-2674	78.00	8588
utig4-2675	2.00	8645
utig4-2676	10.96	18578
utig4-2677	3.84	11248
utig4-2678	934.42	29954
utig4-2679	532.65	9245
utig4-2680	40.50	14547
utig4-2681	24.09	28129
utig4-2682	26.67	7930
utig4-2683	2.67	11153
utig4-2684	4.00	13172
utig4-2685	15.50	16482
utig4-2686	3.90	8286
utig4-2687	10.00	7902
utig4-2688	1.77	6830
utig4-2689	1.62	7964
utig4-2690	2.00	7964
utig4-2691	10.13	18356
utig4-2692	7.90	9970
utig4-2693	5.50	16884
utig4-2694	13.48	12546
utig4-2695	2387.51	15099
utig4-2696	10.00	14810
utig4-2697	2138.47	7880
utig4-2698	10.50	16587
utig4-2699	1857.84	16124
utig4-2700	19.38	19929
utig4-2701	11.50	16721
utig4-2702	5.71	9905
utig4-2703	7.52	19733
utig4-2704	33.09	8967
utig4-2705	9.00	23634
utig4-2706	30.54	38645
utig4-2707	27.00	9023
utig4-2708	22.60	9120
utig4-2709	3.23	13225
utig4-2710	15.51	10467
utig4-2711	18.29	26446
utig4-2712	2.76	19103
utig4-2713	1783.08	41301
utig4-2714	8.66	9074
utig4-2715	13.00	14784
utig4-2716	25.58	2470272
utig4-2717	24.90	10543
utig4-2718	3.00	10307
utig4-2719	11.88	26753
utig4-2720	10.63	10572
utig4-2721	22.00	64048
utig4-2722	10.00	6623
utig4-2723	7.64	7992
utig4-2724	24.59	10584
utig4-2725	2.86	11842
utig4-2726	7.96	9729
utig4-2727	11.00	29207
utig4-2728	26.25	16083
utig4-2729	5.66	12564
utig4-2730	410.25	10840
utig4-2731	4.50	11527
utig4-2732	193.03	16489
utig4-2733	619.99	26588
utig4-2734	14.00	18850
utig4-2735	3.50	4440
utig4-2736	905.83	6974
utig4-2737	52.70	17029
utig4-2738	2245.97	6629
utig4-2739	2108.38	13630
utig4-2740	8.16	17660
utig4-2741	7.00	14431
utig4-2742	18.50	14431
utig4-2743	12.00	14432
utig4-2744	1917.55	28347
utig4-2745	5.00	14572
utig4-2746	1560.82	15157
utig4-2747	1903.71	14202
utig4-2748	8.50	14393
utig4-2749	5.78	16079
utig4-2750	48.77	20185
utig4-2751	24.08	315169
utig4-2752	14.25	21056
utig4-2753	56.33	14677
utig4-2754	24.11	641199
utig4-2755	55.88	12529
utig4-2756	32.25	5527
utig4-2757	28.25	5528
utig4-2758	15.30	25072
utig4-2759	728.93	38722
utig4-2760	10.00	19734
utig4-2761	728.70	14486
utig4-2762	120.75	12816
utig4-2763	5.87	10574
utig4-2764	2.00	10950
utig4-2765	6.40	10486
utig4-2766	4.91	10560
utig4-2767	28.14	10110
utig4-2768	2215.99	15286
utig4-2769	7.00	14716
utig4-2770	2123.92	15480
utig4-2771	5.00	15319
utig4-2772	2164.30	15722
utig4-2773	1945.00	7914
utig4-2774	8.50	14785
utig4-2775	3.00	10340
utig4-2776	1.00	5908
utig4-2777	1.94	7946
utig4-2778	4.04	9897
utig4-2779	2.43	9897
utig4-2780	8.71	8007
utig4-2781	2.38	10499
utig4-2782	3.04	9589
utig4-2783	2.63	8141
utig4-2784	15.04	10498
utig4-2785	49.73	16791
utig4-2786	40.00	3178
utig4-2787	12.00	3274
utig4-2788	25.85	280618
utig4-2789	24.33	286735
utig4-2790	892.92	14722
utig4-2791	10.50	14785
utig4-2792	79.00	8093
utig4-2793	6.50	15681
utig4-2794	1570.36	41281
utig4-2795	1559.07	16405
utig4-2796	6.50	15744
utig4-2797	1274.82	8612
utig4-2798	3.45	9494
utig4-2799	3.00	8337
utig4-2800	10.88	8416
utig4-2801	3.01	8872
utig4-2802	1.90	3728
utig4-2803	6.50	9334
utig4-2804	16.11	11440
utig4-2805	3340.18	13541
utig4-2806	2955.73	21472
utig4-2807	3190.00	6932
utig4-2808	11.00	13425
utig4-2809	11.04	13751
utig4-2810	8.00	15086
utig4-2811	2866.95	14819
utig4-2812	2382.57	38010
utig4-2813	2894.02	13883
utig4-2814	5.00	14767
utig4-2815	2787.00	6968
utig4-2816	5.20	7074
utig4-2817	2669.78	14208
utig4-2818	9.00	14070
utig4-2819	2482.00	7272
utig4-2820	8.00	14940
utig4-2821	3.83	24454
utig4-2822	2319.45	14927
utig4-2823	2681.97	6874
utig4-2824	2553.02	7085
utig4-2825	5.83	15534
utig4-2826	2456.98	21619
utig4-2827	2178.09	7502
utig4-2828	5.00	14370
utig4-2829	2287.68	7268
utig4-2830	1977.04	30492
utig4-2831	37.99	14561
utig4-2832	1759.00	7865
utig4-2833	8.00	14983
utig4-2834	2787.50	79194
utig4-2835	2332.23	44704
utig4-2836	25.50	13743
utig4-2837	2670.43	7413
utig4-2838	6162.00	6467
utig4-2839	7.00	13658
utig4-2840	5738.00	6646
utig4-2841	5922.46	13241
utig4-2842	6.50	14060
utig4-2843	8.50	13507
utig4-2844	5747.00	6740
utig4-2845	18.42	30068
utig4-2846	6.33	13803
utig4-2847	8.50	13803
utig4-2848	5587.00	6719
utig4-2849	5360.54	20540
utig4-2850	12.00	13803
utig4-2851	5494.54	6889
utig4-2852	5272.00	6890
utig4-2853	20.67	13802
utig4-2854	2458.63	36770
utig4-2855	2511.91	14673
utig4-2856	2289.86	38088
utig4-2857	13.00	15298
utig4-2858	4610.07	14595
utig4-2859	4468.19	7358
utig4-2860	9.80	23842
utig4-2861	5.21	16201
utig4-2862	4047.22	15294
utig4-2863	2165.89	23343
utig4-2864	20.00	9183
utig4-2865	30.00	18089
utig4-2866	3.00	12664
utig4-2867	13.56	21791
utig4-2868	12.75	125995
utig4-2869	5.00	7915
utig4-2870	12.87	7509
utig4-2871	11.00	14615
utig4-2872	4.99	7997
utig4-2873	11.67	9845
utig4-2874	11.39	176446
utig4-2875	5476.00	6314
utig4-2876	3.00	9906
utig4-2877	5017.00	33294
utig4-2878	5188.30	19486
utig4-2879	4719.50	34094
utig4-2880	3.76	9888
utig4-2881	4577.95	6966
utig4-2882	4617.00	6981
utig4-2883	2704.00	6833
utig4-2884	2443.06	21433
utig4-2885	8.00	14179
utig4-2886	2381.47	14781
utig4-2887	2134.90	7456
utig4-2888	2000.35	29456
utig4-2889	1399.62	15907
utig4-2890	1319.00	8050
utig4-2891	2345.82	7253
utig4-2892	1646.35	32689
utig4-2893	1992.72	15036
utig4-2894	8.50	14561
utig4-2895	1850.57	7739
utig4-2896	16.00	15202
utig4-2897	15.00	15245
utig4-2898	9.00	15245
utig4-2899	4.73	18967
utig4-2900	11.00	15271
utig4-2901	511.00	6990
utig4-2902	11.12	36681
utig4-2903	467.92	14316
utig4-2904	9.00	21555
utig4-2905	7.58	7658
utig4-2906	18.53	17824
utig4-2907	25.33	15569
utig4-2908	466.00	7088
utig4-2909	13.25	27778
utig4-2910	9.96	7244
utig4-2911	12.88	18036
utig4-2912	17.50	15127
utig4-2913	10.50	15125
utig4-2914	12.50	13900
utig4-2915	413.00	7244
utig4-2916	431.89	7377
utig4-2917	9.92	23533
utig4-2918	14.34	18157
utig4-2919	12.50	15096
utig4-2920	395.00	7283
utig4-2921	388.00	7290
utig4-2922	3577.00	6579
utig4-2923	3107.09	35372
utig4-2924	12.00	13890
utig4-2925	10.00	13891
utig4-2926	3326.00	6745
utig4-2927	3111.29	20870
utig4-2928	482.67	12093
utig4-2929	26.57	12802
utig4-2930	6039.00	6702
utig4-2931	5957.66	6809
utig4-2932	5738.40	6866
utig4-2933	6.00	13329
utig4-2934	6.50	13330
utig4-2935	8.50	14463
utig4-2936	37.00	13329
utig4-2937	10.00	13329
utig4-2938	5411.06	7033
utig4-2939	12.00	9180
utig4-2940	5446.20	21186
utig4-2941	4839.83	22160
utig4-2942	6.50	14462
utig4-2943	5297.00	7050
utig4-2944	8.88	6647
utig4-2945	12.00	9254
utig4-2946	7.00	14466
utig4-2947	4971.00	7210
utig4-2948	2126.97	13464
utig4-2949	12.50	13654
utig4-2950	1812.70	28980
utig4-2951	1976.92	20750
utig4-2952	1718.68	7301
utig4-2953	1632.43	7653
utig4-2954	30.67	11922
utig4-2955	4.68	7767
utig4-2956	230.00	6773
utig4-2957	204.98	6960
utig4-2958	16.50	14180
utig4-2959	12.50	14180
utig4-2960	5.39	14178
utig4-2961	202.39	7254
utig4-2962	177.00	7339
utig4-2963	20.00	8359
utig4-2964	181.00	7052
utig4-2965	28.50	14263
utig4-2966	10.00	14545
utig4-2967	4.98	7131
utig4-2968	15.50	14263
utig4-2969	13.00	7537
utig4-2970	147.00	7247
utig4-2971	9.00	7267
utig4-2972	167.00	7418
utig4-2973	5.00	14782
utig4-2974	159.00	7425
utig4-2975	7.97	8477
utig4-2976	139.97	7519
utig4-2977	4.99	8124
utig4-2978	13.57	21787
utig4-2979	549.00	7037
utig4-2980	9.25	18998
utig4-2981	492.50	14729
utig4-2982	11.00	17085
utig4-2983	533.00	7129
utig4-2984	477.87	14437
utig4-2985	46.00	7225
utig4-2986	20.25	14777
utig4-2987	426.00	7401
utig4-2988	11.00	8430
utig4-2989	9.75	14959
utig4-2990	7.48	7544
utig4-2991	403.75	7699
utig4-2992	26.00	14154
utig4-2993	6.00	6915
utig4-2994	49.56	55087
utig4-2995	22.00	12443
utig4-2996	27.50	12411
utig4-2997	762.00	7354
utig4-2998	2997.04	13853
utig4-2999	2886.00	7034
utig4-3000	6.50	14809
utig4-3001	2703.04	7398
utig4-3002	12.50	14311
utig4-3003	10.50	14315
utig4-3004	2340.08	15444
utig4-3005	2796.02	14343
utig4-3006	2577.32	7725
utig4-3007	2335.12	7529
utig4-3008	2026.74	7907
utig4-3009	13.50	15134
utig4-3010	7.00	14646
utig4-3011	15.50	14645
utig4-3012	4790.00	7308
utig4-3013	2641.04	28656
utig4-3014	6.00	14949
utig4-3015	2514.25	22238
utig4-3016	2277.74	7578
utig4-3017	14.00	14949
utig4-3018	8.45	7346
utig4-3019	730.00	7365
utig4-3020	910.00	7389
utig4-3021	16.68	11495
utig4-3022	575.97	7166
utig4-3023	492.58	7417
utig4-3024	10.50	14562
utig4-3025	22.44	18393
utig4-3026	19.95	15458
utig4-3027	3.70	10985
utig4-3028	17.00	7240
utig4-3029	499.00	7305
utig4-3030	48.00	12778
utig4-3031	473.00	7420
utig4-3032	471.00	7449
utig4-3033	20.00	9180
utig4-3034	17.97	7978
utig4-3035	16.00	24461
utig4-3036	1.99	7590
utig4-3037	12.50	14711
utig4-3038	429.83	7692
utig4-3039	14.00	13777
utig4-3040	5.93	8805
utig4-3041	12.24	14771
utig4-3042	6.48	13093
utig4-3043	9.50	15044
utig4-3044	4.20	7815
utig4-3045	2.00	7820
utig4-3046	7.32	9879
utig4-3047	2.62	9560
utig4-3048	2375.26	14343
utig4-3049	2315.00	7234
utig4-3050	2154.57	7624
utig4-3051	11.00	14655
utig4-3052	1912.00	7707
utig4-3053	2214.51	14952
utig4-3054	6.50	14719
utig4-3055	1767.19	8111
utig4-3056	1427.85	41648
utig4-3057	12.50	15692
utig4-3058	178.28	14669
utig4-3059	29.33	14626
utig4-3060	12.75	22334
utig4-3061	3.10	7125
utig4-3062	24.50	14478
utig4-3063	3.47	11310
utig4-3064	14.00	12346
utig4-3065	137.00	7616
utig4-3066	1.74	9389
utig4-3067	11.50	11158
utig4-3068	126.69	7732
utig4-3069	62.00	38120
utig4-3070	2560.44	14727
utig4-3071	2377.46	22603
utig4-3072	5.50	14918
utig4-3073	17.50	15024
utig4-3074	11.14	23248
utig4-3075	948.00	6940
utig4-3076	15.50	13957
utig4-3077	869.00	7128
utig4-3078	3.75	7053
utig4-3079	15.71	15784
utig4-3080	865.07	21532
utig4-3081	14.00	14312
utig4-3082	20.00	14312
utig4-3083	7.50	14311
utig4-3084	33.33	14313
utig4-3085	746.79	7480
utig4-3086	4.71	9846
utig4-3087	10.38	14590
utig4-3088	836.00	7196
utig4-3089	794.27	7474
utig4-3090	795.00	7361
utig4-3091	19.33	10672
utig4-3092	714.00	7516
utig4-3093	5340.00	6951
utig4-3094	5072.10	7143
utig4-3095	6.02	10373
utig4-3096	21.53	8007
utig4-3097	9.53	7889
utig4-3098	20.95	8140
utig4-3099	13.11	7805
utig4-3100	2077.02	37677
utig4-3101	2087.00	7580
utig4-3102	1559.00	7940
utig4-3103	5176.00	6534
utig4-3104	4950.97	6663
utig4-3105	24.00	13631
utig4-3106	4886.00	6724
utig4-3107	19.00	13631
utig4-3108	3.00	7202
utig4-3109	4770.74	6838
utig4-3110	3.00	7580
utig4-3111	6.00	7498
utig4-3112	8.00	13853
utig4-3113	4711.49	13612
utig4-3114	5.00	13853
utig4-3115	4497.86	6959
utig4-3116	4537.54	7022
utig4-3117	2.00	13631
utig4-3118	14.00	13137
utig4-3119	1.00	8174
utig4-3120	2.69	9122
utig4-3121	8.77	11622
utig4-3122	3.00	8174
utig4-3123	4455.78	7063
utig4-3124	2.00	8193
utig4-3125	6.29	20652
utig4-3126	16.00	10686
utig4-3127	801.00	7526
utig4-3128	33.33	11847
utig4-3129	17.49	13682
utig4-3130	34.00	11984
utig4-3131	400.43	14442
utig4-3132	400.00	7234
utig4-3133	9.50	14722
utig4-3134	357.74	7549
utig4-3135	312.00	7683
utig4-3136	14.64	10384
utig4-3137	21.50	14449
utig4-3138	377.00	7344
utig4-3139	12.17	20579
utig4-3140	341.00	7501
utig4-3141	13.75	19253
utig4-3142	296.27	15707
utig4-3143	11.00	14049
utig4-3144	28.00	8913
utig4-3145	12.94	3651
utig4-3146	12.50	10618
utig4-3147	5262.75	40736
utig4-3148	5458.73	13408
utig4-3149	12.81	20301
utig4-3150	9.00	13654
utig4-3151	7.50	13651
utig4-3152	6.00	13655
utig4-3153	5218.97	13725
utig4-3154	5.00	13655
utig4-3155	9.00	13652
utig4-3156	5135.00	6929
utig4-3157	52.40	16399
utig4-3158	5383.90	13645
utig4-3159	20.50	13802
utig4-3160	8.00	15092
utig4-3161	358.00	7444
utig4-3162	8.22	25015
utig4-3163	12.00	12429
utig4-3164	2276.62	7531
utig4-3165	1918.73	14080
utig4-3166	1862.90	7079
utig4-3167	8.50	15245
utig4-3168	1736.96	7490
utig4-3169	6.89	19428
utig4-3170	5258.99	13341
utig4-3171	4990.76	13721
utig4-3172	2417.70	13805
utig4-3173	2569.94	6803
utig4-3174	9.50	14971
utig4-3175	2018.70	7247
utig4-3176	10.00	15388
utig4-3177	12.00	14818
utig4-3178	725.69	7475
utig4-3179	5208.00	6659
utig4-3180	4939.33	6816
utig4-3181	4927.29	20779
utig4-3182	14.00	14495
utig4-3183	4351.33	22097
utig4-3184	4703.00	6927
utig4-3185	4037.33	7626
utig4-3186	17.53	9415
utig4-3187	10.84	9162
utig4-3188	17.00	17693
utig4-3189	6.72	9470
utig4-3190	5.00	9389
utig4-3191	1846.27	7977
utig4-3192	10.00	15608
utig4-3193	10.00	15813
utig4-3194	458.00	7056
utig4-3195	13.00	17279
utig4-3196	425.00	7216
utig4-3197	411.00	7198
utig4-3198	377.00	7321
utig4-3199	3.03	2365
utig4-3200	390.00	7418
utig4-3201	12.10	9694
utig4-3202	4.81	7423
utig4-3203	410.71	7448
utig4-3204	327.00	7492
utig4-3205	11.25	23879
utig4-3206	5.66	24593
utig4-3207	301.95	7622
utig4-3208	15.00	15206
utig4-3209	122.96	7769
utig4-3210	10.25	16874
utig4-3211	6.83	11871
utig4-3212	8.20	25746
utig4-3213	467.98	7133
utig4-3214	6.33	17105
utig4-3215	447.00	7230
utig4-3216	13.00	14433
utig4-3217	12.25	15349
utig4-3218	432.00	7309
utig4-3219	12.14	23476
utig4-3220	14.50	14781
utig4-3221	394.00	7496
utig4-3222	22.00	14830
utig4-3223	425.64	7532
utig4-3224	383.00	7635
utig4-3225	13.00	11416
utig4-3226	387.99	7511
utig4-3227	17.29	13333
utig4-3228	354.00	7804
utig4-3229	2375.00	7194
utig4-3230	2259.00	7282
utig4-3231	1929.98	15441
utig4-3232	2405.30	7205
utig4-3233	2256.56	7444
utig4-3234	1911.20	15322
utig4-3235	5.50	14799
utig4-3236	6.71	7952
utig4-3237	9.45	7931
utig4-3238	2.00	8115
utig4-3239	6.22	14902
utig4-3240	10.48	10593
utig4-3241	4727.00	7342
utig4-3242	4945.88	21192
utig4-3243	931.93	7145
utig4-3244	10.02	23447
utig4-3245	836.00	7305
utig4-3246	19.50	14613
utig4-3247	38.47	8875
utig4-3248	825.92	7350
utig4-3249	17.00	14389
utig4-3250	30.22	16078
utig4-3251	24.50	27328
utig4-3252	15.50	14611
utig4-3253	723.00	7498
utig4-3254	22.20	17906
utig4-3255	22.77	8151
utig4-3256	737.84	7484
utig4-3257	715.00	7555
utig4-3258	13.25	16656
utig4-3259	6.25	8682
utig4-3260	639.96	7794
utig4-3261	44.74	8998
utig4-3262	5.21	9216
utig4-3263	24.20	7420
utig4-3264	3.50	6461
utig4-3265	2709.69	14363
utig4-3266	2781.00	7106
utig4-3267	7.50	14059
utig4-3268	2480.79	7482
utig4-3269	44.33	14086
utig4-3270	29.00	3302
utig4-3271	22.00	3226
utig4-3272	2262.97	7780
utig4-3273	2540.84	36681
utig4-3274	17.00	13983
utig4-3275	2509.26	7380
utig4-3276	11.50	15365
utig4-3277	2400.00	7442
utig4-3278	2015.28	23728
utig4-3279	4577.00	7428
utig4-3280	3.49	16277
utig4-3281	11.50	14725
utig4-3282	440.00	7215
utig4-3283	398.00	7356
utig4-3284	357.00	7512
utig4-3285	342.56	7758
utig4-3286	9.89	7706
utig4-3287	2234.99	7372
utig4-3288	2050.82	7575
utig4-3289	2076.00	7534
utig4-3290	1952.20	15414
utig4-3291	11.50	15925
utig4-3292	1518.26	16865
utig4-3293	19.00	15918
utig4-3294	2928.95	7099
utig4-3295	2875.00	7154
utig4-3296	2569.35	37371
utig4-3297	14.59	9188
utig4-3298	8.73	12130
utig4-3299	8.52	17592
utig4-3300	823.98	7220
utig4-3301	8.92	9491
utig4-3302	748.00	7343
utig4-3303	745.00	7381
utig4-3304	9.67	14644
utig4-3305	659.71	7623
utig4-3306	5421.00	6787
utig4-3307	16.50	13611
utig4-3308	14.00	13610
utig4-3309	5363.00	6821
utig4-3310	29.50	13651
utig4-3311	7.26	20348
utig4-3312	5.83	15689
utig4-3313	27.00	13431
utig4-3314	2429.11	15037
utig4-3315	2212.73	7809
utig4-3316	1986.45	16082
utig4-3317	4.67	7556
utig4-3318	2285.74	15107
utig4-3319	2048.67	15668
utig4-3320	5.74	7945
utig4-3321	22.53	7475
utig4-3322	24.21	7655
utig4-3323	2.50	11482
utig4-3324	2077.97	7940
utig4-3325	11.00	15901
utig4-3326	4902.00	7089
utig4-3327	7.25	18108
utig4-3328	4823.00	14576
utig4-3329	9.58	7987
utig4-3330	12.20	13974
utig4-3331	708.00	7439
utig4-3332	4351.00	7119
utig4-3333	4.50	15290
utig4-3334	874.00	7175
utig4-3335	10.00	25911
utig4-3336	816.55	7355
utig4-3337	786.00	7359
utig4-3338	11.50	14590
utig4-3339	4.78	7374
utig4-3340	748.00	7409
utig4-3341	11.00	7410
utig4-3342	10.00	7411
utig4-3343	9.00	14741
utig4-3344	24.00	18761
utig4-3345	3.50	7500
utig4-3346	8.00	7974
utig4-3347	13.38	8492
utig4-3348	7.10	9803
utig4-3349	3.00	12709
utig4-3350	26.75	12033
utig4-3351	3.00	6086
utig4-3352	7.25	6276
utig4-3353	4.21	13983
utig4-3354	17.00	20231
utig4-3355	145.00	7503
utig4-3356	22.00	10920
utig4-3357	37.34	21956
utig4-3358	2634.27	7311
utig4-3359	9.00	14356
utig4-3360	19.50	14356
utig4-3361	8.00	14360
utig4-3362	2.66	21143
utig4-3363	858.94	14340
utig4-3364	795.95	7282
utig4-3365	12.00	20396
utig4-3366	777.96	7382
utig4-3367	7.50	14718
utig4-3368	21.00	14721
utig4-3369	716.00	7484
utig4-3370	746.00	7367
utig4-3371	42.01	13503
utig4-3372	12.17	30730
utig4-3373	662.15	15106
utig4-3374	634.00	7651
utig4-3375	12.00	17582
utig4-3376	2234.81	7884
utig4-3377	6.00	15168
utig4-3378	2195.49	30875
utig4-3379	2379.82	22737
utig4-3380	19.50	15256
utig4-3381	13.00	15260
utig4-3382	733.00	7223
utig4-3383	7.50	14466
utig4-3384	698.75	7399
utig4-3385	683.00	7370
utig4-3386	8.50	14502
utig4-3387	617.45	15229
utig4-3388	30.99	9297
utig4-3389	5.81	9258
utig4-3390	631.92	7600
utig4-3391	6.00	15151
utig4-3392	7.54	21902
utig4-3393	571.00	7788
utig4-3394	2.43	8541
utig4-3395	14.72	9079
utig4-3396	4.00	7706
utig4-3397	2627.74	14317
utig4-3398	2432.02	22138
utig4-3399	6.50	15017
utig4-3400	2271.00	7550
utig4-3401	7.00	15365
utig4-3402	43.10	15310
utig4-3403	5.95	7811
utig4-3404	25.13	2185345
utig4-3405	22.46	7652
utig4-3406	14.00	11829
utig4-3407	493.85	7343
utig4-3408	428.99	7526
utig4-3409	11.67	16192
utig4-3410	456.71	7572
utig4-3411	473.61	7649
utig4-3412	14.67	16274
utig4-3413	366.76	7760
utig4-3414	8.71	8426
utig4-3415	13.67	12557
utig4-3416	5069.61	14585
utig4-3417	4917.00	7356
utig4-3418	4754.00	7502
utig4-3419	5.21	19508
utig4-3420	1.00	10224
utig4-3421	19.34	12893
utig4-3422	134.00	7558
utig4-3423	2226.48	14676
utig4-3424	2239.12	7526
utig4-3425	2106.11	22581
utig4-3426	2637.82	29461
utig4-3427	31.00	15619
utig4-3428	2577.25	15035
utig4-3429	520.68	7356
utig4-3430	3.58	7381
utig4-3431	17.00	12692
utig4-3432	4348.54	7572
utig4-3433	4171.99	14469
utig4-3434	2051.75	38003
utig4-3435	2349.04	14766
utig4-3436	7.00	14586
utig4-3437	18.66	8732
utig4-3438	17.00	11968
utig4-3439	4.06	8091
utig4-3440	10.50	15408
utig4-3441	2429.81	29930
utig4-3442	2269.93	7335
utig4-3443	2158.00	7469
utig4-3444	2071.81	7613
utig4-3445	111.00	7770
utig4-3446	6.99	7872
utig4-3447	2404.67	22221
utig4-3448	8.50	14815
utig4-3449	2225.00	7598
utig4-3450	2109.76	15336
utig4-3451	1973.48	15578
utig4-3452	784.97	7338
utig4-3453	9.23	12903
utig4-3454	720.00	7496
utig4-3455	17.00	15337
utig4-3456	15.00	9429
utig4-3457	99.00	7937
utig4-3458	327.99	7533
utig4-3459	16.40	13073
utig4-3460	290.00	7704
utig4-3461	12.39	10686
utig4-3462	302.00	7726
utig4-3463	280.49	15520
utig4-3464	10.49	42128
utig4-3465	1648.79	15435
utig4-3466	1581.87	8106
utig4-3467	1388.13	8090
utig4-3468	2622.30	72407
utig4-3469	2303.00	7516
utig4-3470	4804.00	7135
utig4-3471	503.76	7425
utig4-3472	456.96	7574
utig4-3473	36.00	11081
utig4-3474	442.00	7630
utig4-3475	11.50	11031
utig4-3476	2686.53	14890
utig4-3477	2350.67	7859
utig4-3478	2302.96	7470
utig4-3479	2167.09	7645
utig4-3480	2210.00	7551
utig4-3481	1770.92	40237
utig4-3482	1525.00	8327
utig4-3483	27.29	12262
utig4-3484	2625.96	7230
utig4-3485	2301.60	14962
utig4-3486	2042.07	30871
utig4-3487	17.00	15092
utig4-3488	14.00	15092
utig4-3489	10.33	15096
utig4-3490	11.00	14784
utig4-3491	2030.52	15602
utig4-3492	25.93	9604
utig4-3493	23.98	9784
utig4-3494	21.00	9716
utig4-3495	21.89	9810
utig4-3496	22.00	11098
utig4-3497	97.32	7594
utig4-3498	82.87	7841
utig4-3499	1907.66	23304
utig4-3500	4626.00	6975
utig4-3501	4326.44	14333
utig4-3502	10.00	13343
utig4-3503	4344.00	7122
utig4-3504	5.50	14949
utig4-3505	2561.39	14784
utig4-3506	2251.91	23505
utig4-3507	37.72	9043
utig4-3508	4.53	11481
utig4-3509	21.87	9141
utig4-3510	711.99	7457
utig4-3511	22.50	14809
utig4-3512	10.00	14807
utig4-3513	663.00	7599
utig4-3514	679.00	7553
utig4-3515	53.25	19806
utig4-3516	2135.99	7593
utig4-3517	4.00	15482
utig4-3518	1935.09	15793
utig4-3519	2078.94	15421
utig4-3520	1991.82	15357
utig4-3521	1676.00	7654
utig4-3522	1609.49	7937
utig4-3523	7.88	15035
utig4-3524	1522.70	7840
utig4-3525	15.04	15231
utig4-3526	1320.84	24498
utig4-3527	43.48	10144
utig4-3528	30.41	9904
utig4-3529	2.65	9237
utig4-3530	78.00	7611
utig4-3531	58.76	7935
utig4-3532	82.85	7997
utig4-3533	13.00	15086
utig4-3534	59.00	8125
utig4-3535	12.00	8004
utig4-3536	49.00	8293
utig4-3537	44.17	9806
utig4-3538	27.83	76728
utig4-3539	23.58	121874
utig4-3540	39.85	8763
utig4-3541	16.06	38312
utig4-3542	2305.78	23061
utig4-3543	1802.86	25227
utig4-3544	58.00	12599
utig4-3545	23.33	3451
utig4-3546	31.67	3501
utig4-3547	1990.62	8333
utig4-3548	1532.21	25401
utig4-3549	418.90	7643
utig4-3550	52.00	7810
utig4-3551	327.56	8021
utig4-3552	18.00	22103
utig4-3553	353.49	9150
utig4-3554	819.32	23210
utig4-3555	711.00	7466
utig4-3556	12.00	15032
utig4-3557	5.00	14582
utig4-3558	681.00	7561
utig4-3559	15.33	10081
utig4-3560	19.18	12286
utig4-3561	12.50	14948
utig4-3562	2249.42	7635
utig4-3563	1925.89	8043
utig4-3564	5.50	15735
utig4-3565	635.00	7542
utig4-3566	2157.12	15400
utig4-3567	2091.41	7837
utig4-3568	2190.00	7631
utig4-3569	2088.00	7738
utig4-3570	1419.64	8661
utig4-3571	4300.00	14070
utig4-3572	4142.00	7138
utig4-3573	13.00	15033
utig4-3574	50.51	81979
utig4-3575	25.75	12122
utig4-3576	32.25	12124
utig4-3577	24.75	6513
utig4-3578	28.50	6515
utig4-3579	48.77	7918
utig4-3580	29.43	11299
utig4-3581	1850.00	7928
utig4-3582	65.12	11713
utig4-3583	38.52	8991
utig4-3584	18.00	9162
utig4-3585	1984.71	15537
utig4-3586	9.50	15801
utig4-3587	2088.99	47639
utig4-3588	2066.36	8055
utig4-3589	2168.78	15849
utig4-3590	2134.86	8000
utig4-3591	1819.76	16528
utig4-3592	60.33	14111
utig4-3593	15.79	9901
utig4-3594	50.62	11542
utig4-3595	27.09	121163
utig4-3596	22.83	106288
utig4-3597	60.94	8203
utig4-3598	8.00	14712
utig4-3599	12.89	8187
utig4-3600	27.44	10406
utig4-3601	9.00	8847
utig4-3602	1823.43	8492
utig4-3603	54.00	15295
utig4-3604	15.33	10533
utig4-3605	3.95	10771
utig4-3606	6.82	17999
utig4-3607	9.22	17648
utig4-3608	49.93	134271
utig4-3609	13.50	17926
utig4-3610	2316.53	15835
utig4-3611	1903.00	8199
utig4-3612	2.00	10798
utig4-3613	1.99	10906
utig4-3614	16.72	8638
utig4-3615	14.00	31948
utig4-3616	13.93	8969
utig4-3617	11.50	22435
utig4-3618	10.98	8908
utig4-3619	20.35	89576
utig4-3620	1.75	11528
utig4-3621	52.79	118300
utig4-3622	1745.67	16948
utig4-3623	10.50	23274
utig4-3624	2052.83	7891
utig4-3625	8.51	10287
utig4-3626	22.40	26752
utig4-3627	2008.60	23587
utig4-3628	19.54	11053
utig4-3629	23.50	11198
utig4-3630	40.70	19787
utig4-3631	45.89	8474
utig4-3632	19.76	9675
utig4-3633	11.67	16293
utig4-3634	15.49	27220
utig4-3635	10.76	9282
utig4-3636	12.00	26316
utig4-3637	2.90	10544
utig4-3638	1.00	11845
utig4-3639	9.88	23123
utig4-3640	187.59	10599
utig4-3641	304.61	17270
utig4-3642	45.73	22159
utig4-3643	26.00	11092
utig4-3644	24.50	11100
utig4-3645	4.08	12750
utig4-3646	540.49	36017
utig4-3647	261.95	19372
utig4-3648	11.15	15092
utig4-3649	19.00	26322
utig4-3650	510.47	6315
utig4-3651	46.00	9126
utig4-3652	17.79	9607
utig4-3653	38.27	9238
utig4-3654	10.16	10813
utig4-3655	13.78	11419
utig4-3656	367.79	17755
utig4-3657	5.50	21940
utig4-3658	841.24	23357
utig4-3659	572.20	21725
utig4-3660	15.69	21317
utig4-3661	23.58	9749
utig4-3662	1363.21	16043
utig4-3663	2.70	11320
utig4-3664	24.79	1997872
utig4-3665	4626.00	7243
utig4-3666	4604.00	7259
utig4-3667	6.26	19928
utig4-3668	4.00	8644
utig4-3669	602.85	50948
utig4-3670	249.26	8303
utig4-3671	10.00	17314
utig4-3672	859.25	17312
utig4-3673	7.00	17674
utig4-3674	849.20	17676
utig4-3675	782.00	10956
utig4-3676	11.83	46086
utig4-3677	4331.49	14881
utig4-3678	9.87	9194
utig4-3679	4059.00	7588
utig4-3680	4207.00	7512
utig4-3681	559.77	33930
utig4-3682	489.36	22453
utig4-3683	473.53	21094
utig4-3684	188.54	11942
utig4-3685	438.90	7662
utig4-3686	16.00	7820
utig4-3687	415.00	7764
utig4-3688	6.50	9246
utig4-3689	4039.00	7605
utig4-3690	55.36	9532
utig4-3691	12.40	29718
utig4-3692	2360.62	38259
utig4-3693	1908.00	8080
utig4-3694	2519.00	7477
utig4-3695	16.71	9583
utig4-3696	10.71	8434
utig4-3697	4.38	24492
utig4-3698	88.81	7983
utig4-3699	52.89	13238
utig4-3700	26.07	1565903
utig4-3701	24.52	704844
utig4-3702	406.00	7452
utig4-3703	12.00	10792
utig4-3704	393.92	7562
utig4-3705	367.00	7682
utig4-3706	334.00	7836
utig4-3707	6.00	8340
utig4-3708	260.00	7898
utig4-3709	230.00	8093
utig4-3710	13.59	11274
utig4-3711	46.00	29934
utig4-3712	305.00	7952
utig4-3713	8.00	8200
utig4-3714	1997.00	7962
utig4-3715	1861.00	8102
utig4-3716	27.69	20851
utig4-3717	103.01	8534
utig4-3718	6.72	9119
utig4-3719	74.00	8567
utig4-3720	57.75	24913
utig4-3721	50.56	13966
utig4-3722	25.05	1122423
utig4-3723	26.03	995976
utig4-3724	53.20	24374
utig4-3725	58.56	14377
utig4-3726	25.76	1270880
utig4-3727	26.72	1315646
utig4-3728	1422.00	7787
utig4-3729	44.29	10038
utig4-3730	24.54	3016385
utig4-3731	24.97	2647038
utig4-3732	4674.47	27818
utig4-3733	4644.58	21170
utig4-3734	53.94	28759
utig4-3735	1859.42	62189
utig4-3736	23.97	311193
utig4-3737	50.13	24119
utig4-3738	59.00	14761
utig4-3739	1606.44	16303
utig4-3740	3.91	7721
utig4-3741	5.86	18098
utig4-3742	58.78	14292
utig4-3743	25.46	11114925
utig4-3744	24.63	7389112
utig4-3745	26.40	5577115
utig4-3746	25.61	5131092
utig4-3747	50.82	16785
utig4-3748	27.00	3548
utig4-3749	28.00	3468
utig4-3750	50.13	23975
utig4-3751	58.00	13178
utig4-3752	45.89	25488
utig4-3753	3.00	10756
utig4-3754	1230.57	8148
utig4-3755	1126.88	8517
utig4-3756	87.56	13041
utig4-3757	61.00	6307
utig4-3758	15.29	9793
utig4-3759	16.93	12409
utig4-3760	12.89	8930
utig4-3761	38.90	11317
utig4-3762	9.50	15132
utig4-3763	987.00	8543
utig4-3764	50.75	12661
utig4-3765	52.07	28322
utig4-3766	13.43	8256
utig4-3767	15.16	9204
utig4-3768	3.78	12284
utig4-3769	7.38	9090
utig4-3770	46.00	15113
utig4-3771	54.87	62741
utig4-3772	49.37	29406
utig4-3773	1779.77	7976
utig4-3774	40.64	17438
utig4-3775	4.50	8756
utig4-3776	37.00	8794
utig4-3777	25.17	44202
utig4-3778	24.83	44196
utig4-3779	19.50	8793
utig4-3780	50.33	14587
utig4-3781	26.39	1607090
utig4-3782	26.29	1553253
utig4-3783	26.75	5710
utig4-3784	24.75	5710
utig4-3785	51.62	39631
utig4-3786	52.56	13072
utig4-3787	2351.02	14976
utig4-3788	2329.00	7508
utig4-3789	52.14	10966
utig4-3790	26.65	7959427
utig4-3791	25.33	7958448
utig4-3792	53.12	66413
utig4-3793	25.52	1453372
utig4-3794	24.78	1456522
utig4-3795	51.43	74596
utig4-3796	1567.71	24928
utig4-3797	1310.26	8581
utig4-3798	1188.98	17275
utig4-3799	55.45	17898
utig4-3800	4548.00	7439
utig4-3801	22.00	10366
utig4-3802	4120.65	15389
utig4-3803	54.20	16374
utig4-3804	23.67	327431
utig4-3805	50.46	20727
utig4-3806	54.83	46649
utig4-3807	26.15	739562
utig4-3808	868.00	12816
utig4-3809	2499.06	22192
utig4-3810	2206.00	7672
utig4-3811	2516.23	7386
utig4-3812	2115.00	7795
utig4-3813	9.84	10272
utig4-3814	50.08	19977
utig4-3815	88.00	8097
utig4-3816	11.88	22997
utig4-3817	43.33	33371
utig4-3818	29.17	19514
utig4-3819	58.37	31760
utig4-3820	53.22	52381
utig4-3821	46.12	38792
utig4-3822	2046.29	39517
utig4-3823	2237.74	7945
utig4-3824	51.17	18425
utig4-3825	26.60	3276493
utig4-3826	1372.00	8108
utig4-3827	53.52	133172
utig4-3828	25.00	7696
utig4-3829	14.75	7940
utig4-3830	1.75	7897
utig4-3831	48.50	8987
utig4-3832	45.71	10795
